-- --------------------------------------------------------
-- Host:                         172.65.10.52
-- Versión del servidor:         10.11.4-MariaDB-1~deb12u1 - Debian 12
-- SO del servidor:              debian-linux-gnu
-- HeidiSQL Versión:             12.6.0.6765
-- --------------------------------------------------------

/*!40101 SET @OLD_CHARACTER_SET_CLIENT=@@CHARACTER_SET_CLIENT */;
/*!40101 SET NAMES utf8 */;
/*!50503 SET NAMES utf8mb4 */;
/*!40103 SET @OLD_TIME_ZONE=@@TIME_ZONE */;
/*!40103 SET TIME_ZONE='+00:00' */;
/*!40014 SET @OLD_FOREIGN_KEY_CHECKS=@@FOREIGN_KEY_CHECKS, FOREIGN_KEY_CHECKS=0 */;
/*!40101 SET @OLD_SQL_MODE=@@SQL_MODE, SQL_MODE='NO_AUTO_VALUE_ON_ZERO' */;
/*!40111 SET @OLD_SQL_NOTES=@@SQL_NOTES, SQL_NOTES=0 */;


-- Volcando estructura de base de datos para blackbag
CREATE DATABASE IF NOT EXISTS `blackbag` /*!40100 DEFAULT CHARACTER SET utf8mb4 COLLATE utf8mb4_general_ci */;
USE `blackbag`;

-- Volcando estructura para tabla blackbag.contenido
CREATE TABLE IF NOT EXISTS `contenido` (
  `id` bigint(20) unsigned NOT NULL AUTO_INCREMENT,
  `descripcion` varchar(50) DEFAULT NULL,
  `listas` int(11) DEFAULT NULL,
  `nropaquetesro` int(11) DEFAULT NULL,
  `nropaquetesbl` int(11) DEFAULT NULL,
  `nropaquetesof` int(11) DEFAULT NULL,
  `nropaquetesii` int(11) DEFAULT NULL,
  `nropaqueteset` int(11) DEFAULT NULL,
  `nropaquetessu` int(11) DEFAULT NULL,
  `nropaquetessn` int(11) DEFAULT NULL,
  `nropaquetesems` int(11) DEFAULT NULL,
  `nropaquetescp` int(11) DEFAULT NULL,
  `nropaquetesco` int(11) DEFAULT NULL,
  `sacasm` int(11) DEFAULT NULL,
  `lcao` int(11) DEFAULT NULL,
  `correotradicional` int(11) DEFAULT NULL,
  `encomiendas` int(11) DEFAULT NULL,
  `enviotrans` int(11) DEFAULT NULL,
  `created_at` timestamp NULL DEFAULT NULL,
  `saca_id` int(11) DEFAULT NULL,
  `updated_at` timestamp NULL DEFAULT NULL,
  PRIMARY KEY (`id`)
) ENGINE=InnoDB DEFAULT CHARSET=utf8mb4 COLLATE=utf8mb4_general_ci;

-- Volcando datos para la tabla blackbag.contenido: ~0 rows (aproximadamente)

-- Volcando estructura para tabla blackbag.despacho
CREATE TABLE IF NOT EXISTS `despacho` (
  `id` bigint(20) unsigned NOT NULL AUTO_INCREMENT,
  `oforigen` varchar(50) DEFAULT NULL,
  `ofdestino` varchar(50) DEFAULT NULL,
  `user` varchar(50) DEFAULT NULL,
  `categoria` varchar(50) DEFAULT NULL,
  `subclase` varchar(50) DEFAULT NULL,
  `nrodespacho` int(11) DEFAULT NULL,
  `nroenvase` int(11) DEFAULT NULL,
  `peso` float(8,3) DEFAULT NULL,
  `identificador` varchar(50) DEFAULT NULL,
  `ano` int(11) DEFAULT NULL,
  `estado` varchar(50) DEFAULT NULL,
  `service` varchar(50) DEFAULT NULL,
  `depto` varchar(50) DEFAULT NULL,
  `created_at` timestamp NULL DEFAULT NULL,
  `updated_at` timestamp NULL DEFAULT NULL,
  `deleted_at` timestamp NULL DEFAULT NULL,
  PRIMARY KEY (`id`)
) ENGINE=InnoDB AUTO_INCREMENT=2 DEFAULT CHARSET=utf8mb4 COLLATE=utf8mb4_general_ci;

-- Volcando datos para la tabla blackbag.despacho: ~1 rows (aproximadamente)
INSERT INTO `despacho` (`id`, `oforigen`, `ofdestino`, `user`, `categoria`, `subclase`, `nrodespacho`, `nroenvase`, `peso`, `identificador`, `ano`, `estado`, `service`, `depto`, `created_at`, `updated_at`, `deleted_at`) VALUES
	(1, 'BOCBB', 'BOPOI', 'Marco Antonio Espinoza Rojas', 'B', 'EG', 1, NULL, NULL, 'BOCBBBOPOIBEG5001', 5, 'APERTURA', 'EMS', 'COCHABAMBA', '2025-01-10 02:01:23', '2025-01-10 02:01:23', NULL);

-- Volcando estructura para tabla blackbag.events
CREATE TABLE IF NOT EXISTS `events` (
  `id` int(10) unsigned NOT NULL AUTO_INCREMENT,
  `user_id` varchar(50) DEFAULT NULL,
  `action` varchar(50) DEFAULT NULL,
  `descripcion` text DEFAULT NULL,
  `identificador` varchar(50) DEFAULT NULL,
  `created_at` timestamp NULL DEFAULT NULL,
  `updated_at` timestamp NULL DEFAULT NULL,
  PRIMARY KEY (`id`)
) ENGINE=InnoDB AUTO_INCREMENT=3 DEFAULT CHARSET=utf8mb4 COLLATE=utf8mb4_general_ci;

-- Volcando datos para la tabla blackbag.events: ~2 rows (aproximadamente)
INSERT INTO `events` (`id`, `user_id`, `action`, `descripcion`, `identificador`, `created_at`, `updated_at`) VALUES
	(1, 'Marco Antonio Espinoza Rojas', 'INICIO', 'Creacion de despacho', 'BOCBBBOPOIBEG5001', '2025-01-10 02:01:23', '2025-01-10 02:01:23'),
	(2, 'Marco Antonio Espinoza Rojas', 'APERTURA', 'Creacion de saca', 'BOCBBBOPOIBEG5001001', '2025-01-10 02:01:35', '2025-01-10 02:01:35');

-- Volcando estructura para tabla blackbag.failed_jobs
CREATE TABLE IF NOT EXISTS `failed_jobs` (
  `id` bigint(20) unsigned NOT NULL AUTO_INCREMENT,
  `uuid` varchar(255) NOT NULL,
  `connection` text NOT NULL,
  `queue` text NOT NULL,
  `payload` longtext NOT NULL,
  `exception` longtext NOT NULL,
  `failed_at` timestamp NOT NULL DEFAULT current_timestamp(),
  PRIMARY KEY (`id`),
  UNIQUE KEY `failed_jobs_uuid_unique` (`uuid`)
) ENGINE=InnoDB DEFAULT CHARSET=utf8mb4 COLLATE=utf8mb4_unicode_ci;

-- Volcando datos para la tabla blackbag.failed_jobs: ~0 rows (aproximadamente)

-- Volcando estructura para tabla blackbag.migrations
CREATE TABLE IF NOT EXISTS `migrations` (
  `id` int(10) unsigned NOT NULL AUTO_INCREMENT,
  `migration` varchar(255) NOT NULL,
  `batch` int(11) NOT NULL,
  PRIMARY KEY (`id`)
) ENGINE=InnoDB AUTO_INCREMENT=7 DEFAULT CHARSET=utf8mb4 COLLATE=utf8mb4_unicode_ci;

-- Volcando datos para la tabla blackbag.migrations: ~6 rows (aproximadamente)
INSERT INTO `migrations` (`id`, `migration`, `batch`) VALUES
	(1, '2014_10_12_000000_create_users_table', 1),
	(2, '2014_10_12_100000_create_password_reset_tokens_table', 1),
	(3, '2019_08_19_000000_create_failed_jobs_table', 1),
	(4, '2019_12_14_000001_create_personal_access_tokens_table', 1),
	(5, '2023_06_07_000001_create_pulse_tables', 1),
	(6, '2024_07_09_222147_create_permission_tables', 1);

-- Volcando estructura para tabla blackbag.model_has_permissions
CREATE TABLE IF NOT EXISTS `model_has_permissions` (
  `permission_id` bigint(20) unsigned NOT NULL,
  `model_type` varchar(255) NOT NULL,
  `model_id` bigint(20) unsigned NOT NULL,
  PRIMARY KEY (`permission_id`,`model_id`,`model_type`),
  KEY `model_has_permissions_model_id_model_type_index` (`model_id`,`model_type`),
  CONSTRAINT `model_has_permissions_permission_id_foreign` FOREIGN KEY (`permission_id`) REFERENCES `permissions` (`id`) ON DELETE CASCADE
) ENGINE=InnoDB DEFAULT CHARSET=utf8mb4 COLLATE=utf8mb4_unicode_ci;

-- Volcando datos para la tabla blackbag.model_has_permissions: ~0 rows (aproximadamente)

-- Volcando estructura para tabla blackbag.model_has_roles
CREATE TABLE IF NOT EXISTS `model_has_roles` (
  `role_id` bigint(20) unsigned NOT NULL,
  `model_type` varchar(255) NOT NULL,
  `model_id` bigint(20) unsigned NOT NULL,
  PRIMARY KEY (`role_id`,`model_id`,`model_type`),
  KEY `model_has_roles_model_id_model_type_index` (`model_id`,`model_type`),
  CONSTRAINT `model_has_roles_role_id_foreign` FOREIGN KEY (`role_id`) REFERENCES `roles` (`id`) ON DELETE CASCADE
) ENGINE=InnoDB DEFAULT CHARSET=utf8mb4 COLLATE=utf8mb4_unicode_ci;

-- Volcando datos para la tabla blackbag.model_has_roles: ~6 rows (aproximadamente)
INSERT INTO `model_has_roles` (`role_id`, `model_type`, `model_id`) VALUES
	(2, 'App\\Models\\User', 1),
	(3, 'App\\Models\\User', 3),
	(3, 'App\\Models\\User', 4),
	(4, 'App\\Models\\User', 3),
	(4, 'App\\Models\\User', 4),
	(5, 'App\\Models\\User', 3);

-- Volcando estructura para tabla blackbag.password_reset_tokens
CREATE TABLE IF NOT EXISTS `password_reset_tokens` (
  `email` varchar(255) NOT NULL,
  `token` varchar(255) NOT NULL,
  `created_at` timestamp NULL DEFAULT NULL,
  PRIMARY KEY (`email`)
) ENGINE=InnoDB DEFAULT CHARSET=utf8mb4 COLLATE=utf8mb4_unicode_ci;

-- Volcando datos para la tabla blackbag.password_reset_tokens: ~0 rows (aproximadamente)

-- Volcando estructura para tabla blackbag.permissions
CREATE TABLE IF NOT EXISTS `permissions` (
  `id` bigint(20) unsigned NOT NULL AUTO_INCREMENT,
  `name` varchar(255) NOT NULL,
  `guard_name` varchar(255) NOT NULL,
  `created_at` timestamp NULL DEFAULT NULL,
  `updated_at` timestamp NULL DEFAULT NULL,
  PRIMARY KEY (`id`),
  UNIQUE KEY `permissions_name_guard_name_unique` (`name`,`guard_name`)
) ENGINE=InnoDB AUTO_INCREMENT=8 DEFAULT CHARSET=utf8mb4 COLLATE=utf8mb4_unicode_ci;

-- Volcando datos para la tabla blackbag.permissions: ~7 rows (aproximadamente)
INSERT INTO `permissions` (`id`, `name`, `guard_name`, `created_at`, `updated_at`) VALUES
	(1, 'apertura.lc', 'web', '2024-11-22 18:17:18', '2024-11-22 18:17:18'),
	(2, 'expedicion.lc', 'web', '2024-11-22 18:17:24', '2024-11-22 18:17:24'),
	(3, 'admision.lc', 'web', '2024-11-22 18:17:30', '2024-11-22 18:17:30'),
	(4, 'user.admin', 'web', '2024-11-22 18:17:37', '2024-11-22 18:17:37'),
	(5, 'apertura.ems', 'web', '2024-11-25 19:26:50', '2024-11-25 19:26:50'),
	(6, 'expedicion.ems', 'web', '2024-11-25 19:27:08', '2024-11-25 19:27:08'),
	(7, 'admision.ems', 'web', '2024-11-25 19:27:18', '2024-11-25 19:27:18');

-- Volcando estructura para tabla blackbag.personal_access_tokens
CREATE TABLE IF NOT EXISTS `personal_access_tokens` (
  `id` bigint(20) unsigned NOT NULL AUTO_INCREMENT,
  `tokenable_type` varchar(255) NOT NULL,
  `tokenable_id` bigint(20) unsigned NOT NULL,
  `name` varchar(255) NOT NULL,
  `token` varchar(64) NOT NULL,
  `abilities` text DEFAULT NULL,
  `last_used_at` timestamp NULL DEFAULT NULL,
  `expires_at` timestamp NULL DEFAULT NULL,
  `created_at` timestamp NULL DEFAULT NULL,
  `updated_at` timestamp NULL DEFAULT NULL,
  PRIMARY KEY (`id`),
  UNIQUE KEY `personal_access_tokens_token_unique` (`token`),
  KEY `personal_access_tokens_tokenable_type_tokenable_id_index` (`tokenable_type`,`tokenable_id`)
) ENGINE=InnoDB DEFAULT CHARSET=utf8mb4 COLLATE=utf8mb4_unicode_ci;

-- Volcando datos para la tabla blackbag.personal_access_tokens: ~0 rows (aproximadamente)

-- Volcando estructura para tabla blackbag.pulse_aggregates
CREATE TABLE IF NOT EXISTS `pulse_aggregates` (
  `id` bigint(20) unsigned NOT NULL AUTO_INCREMENT,
  `bucket` int(10) unsigned NOT NULL,
  `period` mediumint(8) unsigned NOT NULL,
  `type` varchar(255) NOT NULL,
  `key` mediumtext NOT NULL,
  `key_hash` binary(16) GENERATED ALWAYS AS (unhex(md5(`key`))) VIRTUAL,
  `aggregate` varchar(255) NOT NULL,
  `value` decimal(20,2) NOT NULL,
  `count` int(10) unsigned DEFAULT NULL,
  PRIMARY KEY (`id`),
  UNIQUE KEY `pulse_aggregates_bucket_period_type_aggregate_key_hash_unique` (`bucket`,`period`,`type`,`aggregate`,`key_hash`),
  KEY `pulse_aggregates_period_bucket_index` (`period`,`bucket`),
  KEY `pulse_aggregates_type_index` (`type`),
  KEY `pulse_aggregates_period_type_aggregate_bucket_index` (`period`,`type`,`aggregate`,`bucket`)
) ENGINE=InnoDB AUTO_INCREMENT=10984 DEFAULT CHARSET=utf8mb4 COLLATE=utf8mb4_unicode_ci;

-- Volcando datos para la tabla blackbag.pulse_aggregates: ~404 rows (aproximadamente)
INSERT INTO `pulse_aggregates` (`id`, `bucket`, `period`, `type`, `key`, `aggregate`, `value`, `count`) VALUES
	(5342, 1732217760, 10080, 'user_request', '1', 'count', 8.00, NULL),
	(5354, 1732217760, 10080, 'exception', '["Illuminate\\\\Database\\\\QueryException","vendor\\/laravel\\/framework\\/src\\/Illuminate\\/Database\\/Connection.php:829"]', 'count', 1.00, NULL),
	(5362, 1732217760, 10080, 'exception', '["Illuminate\\\\Database\\\\QueryException","vendor\\/laravel\\/framework\\/src\\/Illuminate\\/Database\\/Connection.php:829"]', 'max', 1732219600.00, NULL),
	(5370, 1732217760, 10080, 'cache_miss', 'spatie.permission.cache', 'count', 1.00, NULL),
	(5374, 1732217760, 10080, 'cache_hit', 'spatie.permission.cache', 'count', 23.00, NULL),
	(5438, 1732217760, 10080, 'cache_miss', 'lv:v3.11.2:file:fb933160-error.log.9.gz:metadata', 'count', 1.00, NULL),
	(5442, 1732217760, 10080, 'cache_miss', 'lv:v3.11.2:file:fad49617-error.log.8.gz:metadata', 'count', 1.00, NULL),
	(5446, 1732217760, 10080, 'cache_miss', 'lv:v3.11.2:file:a846fcb6-error.log.7.gz:metadata', 'count', 1.00, NULL),
	(5450, 1732217760, 10080, 'cache_miss', 'lv:v3.11.2:file:c2a6b6ea-error.log.6.gz:metadata', 'count', 1.00, NULL),
	(5454, 1732217760, 10080, 'cache_miss', 'lv:v3.11.2:file:5a02fdbc-error.log.5.gz:metadata', 'count', 1.00, NULL),
	(5458, 1732217760, 10080, 'cache_miss', 'lv:v3.11.2:file:fb212820-error.log.4.gz:metadata', 'count', 1.00, NULL),
	(5462, 1732217760, 10080, 'cache_miss', 'lv:v3.11.2:file:b6ce8292-error.log.3.gz:metadata', 'count', 1.00, NULL),
	(5466, 1732217760, 10080, 'cache_miss', 'lv:v3.11.2:file:3f377e46-error.log.2.gz:metadata', 'count', 1.00, NULL),
	(5470, 1732217760, 10080, 'cache_miss', 'lv:v3.11.2:file:74bd32b4-error.log.12.gz:metadata', 'count', 1.00, NULL),
	(5474, 1732217760, 10080, 'cache_miss', 'lv:v3.11.2:file:1c55433b-error.log.11.gz:metadata', 'count', 1.00, NULL),
	(5478, 1732217760, 10080, 'cache_miss', 'lv:v3.11.2:file:36b485a6-error.log.10.gz:metadata', 'count', 1.00, NULL),
	(5482, 1732217760, 10080, 'cache_miss', 'lv:v3.11.2:file:a9810ffd-error.log.1:metadata', 'count', 1.00, NULL),
	(5486, 1732217760, 10080, 'cache_miss', 'lv:v3.11.2:file:9bfcaedc-error.log:metadata', 'count', 1.00, NULL),
	(5490, 1732217760, 10080, 'cache_miss', 'lv:v3.11.2:file:77058129-ems_error.log:metadata', 'count', 1.00, NULL),
	(5494, 1732217760, 10080, 'cache_miss', 'lv:v3.11.2:file:b333736d-ems_access.log:metadata', 'count', 1.00, NULL),
	(5498, 1732217760, 10080, 'cache_miss', 'lv:v3.11.2:file:7bdff8c9-access.log.9.gz:metadata', 'count', 1.00, NULL),
	(5502, 1732217760, 10080, 'cache_miss', 'lv:v3.11.2:file:8e8f1fa2-access.log.8.gz:metadata', 'count', 1.00, NULL),
	(5506, 1732217760, 10080, 'cache_miss', 'lv:v3.11.2:file:7a808374-access.log.7.gz:metadata', 'count', 1.00, NULL),
	(5510, 1732217760, 10080, 'cache_miss', 'lv:v3.11.2:file:998d6dcd-access.log.6.gz:metadata', 'count', 1.00, NULL),
	(5514, 1732217760, 10080, 'cache_miss', 'lv:v3.11.2:file:ade9f459-access.log.5.gz:metadata', 'count', 1.00, NULL),
	(5518, 1732217760, 10080, 'cache_miss', 'lv:v3.11.2:file:2deb7e8a-access.log.4.gz:metadata', 'count', 1.00, NULL),
	(5522, 1732217760, 10080, 'cache_miss', 'lv:v3.11.2:file:39f0cbc0-access.log.3.gz:metadata', 'count', 1.00, NULL),
	(5526, 1732217760, 10080, 'cache_miss', 'lv:v3.11.2:file:ef6b480c-access.log.2.gz:metadata', 'count', 1.00, NULL),
	(5530, 1732217760, 10080, 'cache_miss', 'lv:v3.11.2:file:1ba34915-access.log.14.gz:metadata', 'count', 1.00, NULL),
	(5534, 1732217760, 10080, 'cache_miss', 'lv:v3.11.2:file:9897f97e-access.log.13.gz:metadata', 'count', 1.00, NULL),
	(5538, 1732217760, 10080, 'cache_miss', 'lv:v3.11.2:file:5fec0cd2-access.log.12.gz:metadata', 'count', 1.00, NULL),
	(5542, 1732217760, 10080, 'cache_miss', 'lv:v3.11.2:file:3ac4c887-access.log.11.gz:metadata', 'count', 1.00, NULL),
	(5546, 1732217760, 10080, 'cache_miss', 'lv:v3.11.2:file:e38c9e2c-access.log.10.gz:metadata', 'count', 1.00, NULL),
	(5550, 1732217760, 10080, 'cache_miss', 'lv:v3.11.2:file:62a2f40a-access.log.1:metadata', 'count', 1.00, NULL),
	(5554, 1732217760, 10080, 'cache_miss', 'lv:v3.11.2:file:51fab2a2-access.log:metadata', 'count', 1.00, NULL),
	(5558, 1732217760, 10080, 'cache_miss', 'lv:v3.11.2:file:d99a4641-EMS_error.log:metadata', 'count', 1.00, NULL),
	(5562, 1732217760, 10080, 'cache_miss', 'lv:v3.11.2:file:f5136dbb-EMS_access.log.1:metadata', 'count', 1.00, NULL),
	(5566, 1732217760, 10080, 'cache_miss', 'lv:v3.11.2:file:406ff394-EMS_access.log:metadata', 'count', 1.00, NULL),
	(5570, 1732217760, 10080, 'cache_miss', 'lv:v3.11.2:file:90758376-laravel.log:metadata', 'count', 1.00, NULL),
	(5574, 1732217760, 10080, 'cache_hit', 'lv:v3.11.2:file:fb933160-error.log.9.gz:metadata', 'count', 1.00, NULL),
	(5578, 1732217760, 10080, 'cache_hit', 'lv:v3.11.2:file:fad49617-error.log.8.gz:metadata', 'count', 1.00, NULL),
	(5582, 1732217760, 10080, 'cache_hit', 'lv:v3.11.2:file:a846fcb6-error.log.7.gz:metadata', 'count', 1.00, NULL),
	(5586, 1732217760, 10080, 'cache_hit', 'lv:v3.11.2:file:c2a6b6ea-error.log.6.gz:metadata', 'count', 1.00, NULL),
	(5590, 1732217760, 10080, 'cache_hit', 'lv:v3.11.2:file:5a02fdbc-error.log.5.gz:metadata', 'count', 1.00, NULL),
	(5594, 1732217760, 10080, 'cache_hit', 'lv:v3.11.2:file:fb212820-error.log.4.gz:metadata', 'count', 1.00, NULL),
	(5598, 1732217760, 10080, 'cache_hit', 'lv:v3.11.2:file:b6ce8292-error.log.3.gz:metadata', 'count', 1.00, NULL),
	(5602, 1732217760, 10080, 'cache_hit', 'lv:v3.11.2:file:3f377e46-error.log.2.gz:metadata', 'count', 1.00, NULL),
	(5606, 1732217760, 10080, 'cache_hit', 'lv:v3.11.2:file:74bd32b4-error.log.12.gz:metadata', 'count', 1.00, NULL),
	(5610, 1732217760, 10080, 'cache_hit', 'lv:v3.11.2:file:1c55433b-error.log.11.gz:metadata', 'count', 1.00, NULL),
	(5614, 1732217760, 10080, 'cache_hit', 'lv:v3.11.2:file:36b485a6-error.log.10.gz:metadata', 'count', 1.00, NULL),
	(5618, 1732217760, 10080, 'cache_hit', 'lv:v3.11.2:file:a9810ffd-error.log.1:metadata', 'count', 1.00, NULL),
	(5622, 1732217760, 10080, 'cache_hit', 'lv:v3.11.2:file:9bfcaedc-error.log:metadata', 'count', 1.00, NULL),
	(5626, 1732217760, 10080, 'cache_hit', 'lv:v3.11.2:file:77058129-ems_error.log:metadata', 'count', 1.00, NULL),
	(5630, 1732217760, 10080, 'cache_hit', 'lv:v3.11.2:file:b333736d-ems_access.log:metadata', 'count', 1.00, NULL),
	(5634, 1732217760, 10080, 'cache_hit', 'lv:v3.11.2:file:7bdff8c9-access.log.9.gz:metadata', 'count', 1.00, NULL),
	(5638, 1732217760, 10080, 'cache_hit', 'lv:v3.11.2:file:8e8f1fa2-access.log.8.gz:metadata', 'count', 1.00, NULL),
	(5642, 1732217760, 10080, 'cache_hit', 'lv:v3.11.2:file:7a808374-access.log.7.gz:metadata', 'count', 1.00, NULL),
	(5646, 1732217760, 10080, 'cache_hit', 'lv:v3.11.2:file:998d6dcd-access.log.6.gz:metadata', 'count', 1.00, NULL),
	(5650, 1732217760, 10080, 'cache_hit', 'lv:v3.11.2:file:ade9f459-access.log.5.gz:metadata', 'count', 1.00, NULL),
	(5654, 1732217760, 10080, 'cache_hit', 'lv:v3.11.2:file:2deb7e8a-access.log.4.gz:metadata', 'count', 1.00, NULL),
	(5658, 1732217760, 10080, 'cache_hit', 'lv:v3.11.2:file:39f0cbc0-access.log.3.gz:metadata', 'count', 1.00, NULL),
	(5662, 1732217760, 10080, 'cache_hit', 'lv:v3.11.2:file:ef6b480c-access.log.2.gz:metadata', 'count', 1.00, NULL),
	(5666, 1732217760, 10080, 'cache_hit', 'lv:v3.11.2:file:1ba34915-access.log.14.gz:metadata', 'count', 1.00, NULL),
	(5670, 1732217760, 10080, 'cache_hit', 'lv:v3.11.2:file:9897f97e-access.log.13.gz:metadata', 'count', 1.00, NULL),
	(5674, 1732217760, 10080, 'cache_hit', 'lv:v3.11.2:file:5fec0cd2-access.log.12.gz:metadata', 'count', 1.00, NULL),
	(5678, 1732217760, 10080, 'cache_hit', 'lv:v3.11.2:file:3ac4c887-access.log.11.gz:metadata', 'count', 1.00, NULL),
	(5682, 1732217760, 10080, 'cache_hit', 'lv:v3.11.2:file:e38c9e2c-access.log.10.gz:metadata', 'count', 1.00, NULL),
	(5686, 1732217760, 10080, 'cache_hit', 'lv:v3.11.2:file:62a2f40a-access.log.1:metadata', 'count', 1.00, NULL),
	(5690, 1732217760, 10080, 'cache_hit', 'lv:v3.11.2:file:51fab2a2-access.log:metadata', 'count', 1.00, NULL),
	(5694, 1732217760, 10080, 'cache_hit', 'lv:v3.11.2:file:d99a4641-EMS_error.log:metadata', 'count', 1.00, NULL),
	(5698, 1732217760, 10080, 'cache_hit', 'lv:v3.11.2:file:f5136dbb-EMS_access.log.1:metadata', 'count', 1.00, NULL),
	(5702, 1732217760, 10080, 'cache_hit', 'lv:v3.11.2:file:406ff394-EMS_access.log:metadata', 'count', 1.00, NULL),
	(5706, 1732217760, 10080, 'cache_hit', 'lv:v3.11.2:file:90758376-laravel.log:metadata', 'count', 1.00, NULL),
	(5710, 1732217760, 10080, 'cache_miss', 'lv:v3.11.2:file:90758376-laravel.log:ecf8427e:metadata', 'count', 1.00, NULL),
	(5754, 1732278240, 10080, 'user_request', '1', 'count', 71.00, NULL),
	(5846, 1732278240, 10080, 'cache_miss', 'spatie.permission.cache', 'count', 5.00, NULL),
	(6010, 1732278240, 10080, 'cache_hit', 'spatie.permission.cache', 'count', 14.00, NULL),
	(6086, 1732278240, 10080, 'user_request', '3', 'count', 6.00, NULL),
	(6126, 1732278240, 10080, 'user_request', '4', 'count', 5.00, NULL),
	(6158, 1732288320, 10080, 'user_request', '4', 'count', 7.00, NULL),
	(6162, 1732288320, 10080, 'cache_hit', 'spatie.permission.cache', 'count', 5.00, NULL),
	(6198, 1732288320, 10080, 'user_request', '1', 'count', 5.00, NULL),
	(6226, 1732298400, 10080, 'user_request', '1', 'count', 77.00, NULL),
	(6230, 1732298400, 10080, 'cache_hit', 'spatie.permission.cache', 'count', 54.00, NULL),
	(6302, 1732298400, 10080, 'user_request', '3', 'count', 9.00, NULL),
	(6447, 1732298400, 10080, 'cache_miss', 'spatie.permission.cache', 'count', 1.00, NULL),
	(6654, 1732298400, 10080, 'slow_request', '["POST","\\/iniciar","via \\/livewire\\/update"]', 'count', 1.00, NULL),
	(6658, 1732298400, 10080, 'slow_user_request', '1', 'count', 1.00, NULL),
	(6666, 1732298400, 10080, 'slow_request', '["POST","\\/iniciar","via \\/livewire\\/update"]', 'max', 2268.00, NULL),
	(6802, 1732530240, 10080, 'user_request', '1', 'count', 2.00, NULL),
	(6806, 1732530240, 10080, 'cache_miss', 'spatie.permission.cache', 'count', 1.00, NULL),
	(6814, 1732540320, 10080, 'user_request', '1', 'count', 173.00, NULL),
	(6818, 1732540320, 10080, 'cache_hit', 'spatie.permission.cache', 'count', 101.00, NULL),
	(7134, 1732540320, 10080, 'slow_request', '["POST","\\/iniciar","via \\/livewire\\/update"]', 'count', 1.00, NULL),
	(7138, 1732540320, 10080, 'slow_user_request', '1', 'count', 1.00, NULL),
	(7142, 1732540320, 10080, 'exception', '["Livewire\\\\Exceptions\\\\PropertyNotFoundException","app\\\\Livewire\\\\Iniciar.php:60"]', 'count', 1.00, NULL),
	(7150, 1732540320, 10080, 'slow_request', '["POST","\\/iniciar","via \\/livewire\\/update"]', 'max', 1908.00, NULL),
	(7154, 1732540320, 10080, 'exception', '["Livewire\\\\Exceptions\\\\PropertyNotFoundException","app\\\\Livewire\\\\Iniciar.php:60"]', 'max', 1732545934.00, NULL),
	(7232, 1732540320, 10080, 'exception', '["ErrorException","resources\\\\views\\\\livewire\\\\iniciarems.blade.php:61"]', 'count', 1.00, NULL),
	(7238, 1732540320, 10080, 'exception', '["ErrorException","resources\\\\views\\\\livewire\\\\iniciarems.blade.php:61"]', 'max', 1732546946.00, NULL),
	(7406, 1732540320, 10080, 'cache_miss', 'spatie.permission.cache', 'count', 7.00, NULL),
	(7966, 1732620960, 10080, 'user_request', '1', 'count', 77.00, NULL),
	(7970, 1732620960, 10080, 'cache_hit', 'spatie.permission.cache', 'count', 26.00, NULL),
	(8270, 1732620960, 10080, 'slow_request', '["POST","\\/iniciar","via \\/livewire\\/update"]', 'count', 2.00, NULL),
	(8274, 1732620960, 10080, 'slow_user_request', '1', 'count', 2.00, NULL),
	(8282, 1732620960, 10080, 'slow_request', '["POST","\\/iniciar","via \\/livewire\\/update"]', 'max', 2578.00, NULL),
	(8402, 1732631040, 10080, 'user_request', '1', 'count', 158.00, NULL),
	(8406, 1732631040, 10080, 'cache_hit', 'spatie.permission.cache', 'count', 96.00, NULL),
	(8861, 1732631040, 10080, 'cache_miss', 'spatie.permission.cache', 'count', 1.00, NULL),
	(8954, 1732631040, 10080, 'slow_request', '["GET","\\/sacas\\/crear\\/{id}","App\\\\Http\\\\Controllers\\\\SacaController@crear"]', 'count', 1.00, NULL),
	(8958, 1732631040, 10080, 'slow_user_request', '1', 'count', 3.00, NULL),
	(8963, 1732631040, 10080, 'exception', '["ErrorException","resources\\\\views\\\\sacas\\\\crear.blade.php:33"]', 'count', 1.00, NULL),
	(8970, 1732631040, 10080, 'slow_request', '["GET","\\/sacas\\/crear\\/{id}","App\\\\Http\\\\Controllers\\\\SacaController@crear"]', 'max', 2210.00, NULL),
	(8974, 1732631040, 10080, 'exception', '["ErrorException","resources\\\\views\\\\sacas\\\\crear.blade.php:33"]', 'max', 1732637081.00, NULL),
	(9118, 1732631040, 10080, 'slow_request', '["POST","\\/iniciarems","via \\/livewire\\/update"]', 'count', 2.00, NULL),
	(9130, 1732631040, 10080, 'slow_request', '["POST","\\/iniciarems","via \\/livewire\\/update"]', 'max', 2561.00, NULL),
	(9306, 1732631040, 10080, 'exception', '["ErrorException","resources\\\\views\\\\despacho\\\\pdf\\\\cn.blade.php:137"]', 'count', 4.00, NULL),
	(9314, 1732631040, 10080, 'exception', '["ErrorException","resources\\\\views\\\\despacho\\\\pdf\\\\cn.blade.php:137"]', 'max', 1732638791.00, NULL),
	(9388, 1732631040, 10080, 'exception', '["ErrorException","resources\\\\views\\\\despacho\\\\pdf\\\\cn.blade.php:136"]', 'count', 2.00, NULL),
	(9394, 1732631040, 10080, 'exception', '["ErrorException","resources\\\\views\\\\despacho\\\\pdf\\\\cn.blade.php:136"]', 'max', 1732639163.00, NULL),
	(9514, 1732641120, 10080, 'user_request', '1', 'count', 11.00, NULL),
	(9518, 1732641120, 10080, 'cache_hit', 'spatie.permission.cache', 'count', 8.00, NULL),
	(9589, 1732728960, 1440, 'slow_request', '["POST","\\/login","App\\\\Http\\\\Controllers\\\\Auth\\\\AuthenticatedSessionController@store"]', 'count', 1.00, NULL),
	(9590, 1732721760, 10080, 'slow_request', '["POST","\\/login","App\\\\Http\\\\Controllers\\\\Auth\\\\AuthenticatedSessionController@store"]', 'count', 1.00, NULL),
	(9593, 1732728960, 1440, 'slow_user_request', '1', 'count', 2.00, NULL),
	(9594, 1732721760, 10080, 'slow_user_request', '1', 'count', 2.00, NULL),
	(9597, 1732728960, 1440, 'user_request', '1', 'count', 4.00, NULL),
	(9598, 1732721760, 10080, 'user_request', '1', 'count', 6.00, NULL),
	(9601, 1732728960, 1440, 'slow_request', '["POST","\\/login","App\\\\Http\\\\Controllers\\\\Auth\\\\AuthenticatedSessionController@store"]', 'max', 1349.00, NULL),
	(9602, 1732721760, 10080, 'slow_request', '["POST","\\/login","App\\\\Http\\\\Controllers\\\\Auth\\\\AuthenticatedSessionController@store"]', 'max', 1349.00, NULL),
	(9605, 1732728960, 1440, 'slow_request', '["GET","\\/sacas\\/crear\\/{id}","App\\\\Http\\\\Controllers\\\\SacaController@crear"]', 'count', 1.00, NULL),
	(9606, 1732721760, 10080, 'slow_request', '["GET","\\/sacas\\/crear\\/{id}","App\\\\Http\\\\Controllers\\\\SacaController@crear"]', 'count', 1.00, NULL),
	(9609, 1732728960, 1440, 'cache_miss', 'spatie.permission.cache', 'count', 1.00, NULL),
	(9610, 1732721760, 10080, 'cache_miss', 'spatie.permission.cache', 'count', 1.00, NULL),
	(9621, 1732728960, 1440, 'slow_request', '["GET","\\/sacas\\/crear\\/{id}","App\\\\Http\\\\Controllers\\\\SacaController@crear"]', 'max', 1236.00, NULL),
	(9622, 1732721760, 10080, 'slow_request', '["GET","\\/sacas\\/crear\\/{id}","App\\\\Http\\\\Controllers\\\\SacaController@crear"]', 'max', 1236.00, NULL),
	(9627, 1732728960, 1440, 'cache_hit', 'spatie.permission.cache', 'count', 2.00, NULL),
	(9628, 1732721760, 10080, 'cache_hit', 'spatie.permission.cache', 'count', 4.00, NULL),
	(9641, 1732730400, 1440, 'user_request', '1', 'count', 2.00, NULL),
	(9644, 1732730400, 1440, 'cache_hit', 'spatie.permission.cache', 'count', 2.00, NULL),
	(9657, 1732731840, 1440, 'user_request', '1', 'count', 4.00, NULL),
	(9658, 1732731840, 10080, 'user_request', '1', 'count', 8.00, NULL),
	(9661, 1732731840, 1440, 'cache_hit', 'spatie.permission.cache', 'count', 3.00, NULL),
	(9662, 1732731840, 10080, 'cache_hit', 'spatie.permission.cache', 'count', 7.00, NULL),
	(9685, 1732734720, 1440, 'user_request', '1', 'count', 1.00, NULL),
	(9688, 1732734720, 1440, 'cache_hit', 'spatie.permission.cache', 'count', 1.00, NULL),
	(9693, 1732736160, 1440, 'user_request', '1', 'count', 2.00, NULL),
	(9696, 1732736160, 1440, 'cache_hit', 'spatie.permission.cache', 'count', 2.00, NULL),
	(9709, 1732737600, 1440, 'user_request', '1', 'count', 1.00, NULL),
	(9712, 1732737600, 1440, 'cache_hit', 'spatie.permission.cache', 'count', 1.00, NULL),
	(9717, 1732741920, 1440, 'user_request', '1', 'count', 19.00, NULL),
	(9718, 1732741920, 10080, 'user_request', '1', 'count', 41.00, NULL),
	(9721, 1732741920, 1440, 'cache_hit', 'spatie.permission.cache', 'count', 18.00, NULL),
	(9722, 1732741920, 10080, 'cache_hit', 'spatie.permission.cache', 'count', 33.00, NULL),
	(9865, 1732743360, 1440, 'user_request', '1', 'count', 22.00, NULL),
	(9868, 1732743360, 1440, 'cache_hit', 'spatie.permission.cache', 'count', 15.00, NULL),
	(10012, 1732799880, 360, 'user_request', '1', 'count', 4.00, NULL),
	(10013, 1732799520, 1440, 'user_request', '1', 'count', 13.00, NULL),
	(10014, 1732792320, 10080, 'user_request', '1', 'count', 24.00, NULL),
	(10016, 1732799880, 360, 'cache_hit', 'spatie.permission.cache', 'count', 1.00, NULL),
	(10017, 1732799520, 1440, 'cache_hit', 'spatie.permission.cache', 'count', 7.00, NULL),
	(10018, 1732792320, 10080, 'cache_hit', 'spatie.permission.cache', 'count', 12.00, NULL),
	(10024, 1732799880, 360, 'slow_request', '["POST","\\/iniciarems","via \\/livewire\\/update"]', 'count', 1.00, NULL),
	(10025, 1732799520, 1440, 'slow_request', '["POST","\\/iniciarems","via \\/livewire\\/update"]', 'count', 2.00, NULL),
	(10026, 1732792320, 10080, 'slow_request', '["POST","\\/iniciarems","via \\/livewire\\/update"]', 'count', 2.00, NULL),
	(10028, 1732799880, 360, 'slow_user_request', '1', 'count', 1.00, NULL),
	(10029, 1732799520, 1440, 'slow_user_request', '1', 'count', 2.00, NULL),
	(10030, 1732792320, 10080, 'slow_user_request', '1', 'count', 2.00, NULL),
	(10032, 1732799880, 360, 'exception', '["ErrorException","resources\\\\views\\\\despacho\\\\pdf\\\\cn.blade.php:378"]', 'count', 2.00, NULL),
	(10033, 1732799520, 1440, 'exception', '["ErrorException","resources\\\\views\\\\despacho\\\\pdf\\\\cn.blade.php:378"]', 'count', 4.00, NULL),
	(10034, 1732792320, 10080, 'exception', '["ErrorException","resources\\\\views\\\\despacho\\\\pdf\\\\cn.blade.php:378"]', 'count', 4.00, NULL),
	(10040, 1732799880, 360, 'slow_request', '["POST","\\/iniciarems","via \\/livewire\\/update"]', 'max', 3254.00, NULL),
	(10041, 1732799520, 1440, 'slow_request', '["POST","\\/iniciarems","via \\/livewire\\/update"]', 'max', 3254.00, NULL),
	(10042, 1732792320, 10080, 'slow_request', '["POST","\\/iniciarems","via \\/livewire\\/update"]', 'max', 3254.00, NULL),
	(10044, 1732799880, 360, 'exception', '["ErrorException","resources\\\\views\\\\despacho\\\\pdf\\\\cn.blade.php:378"]', 'max', 1732800174.00, NULL),
	(10045, 1732799520, 1440, 'exception', '["ErrorException","resources\\\\views\\\\despacho\\\\pdf\\\\cn.blade.php:378"]', 'max', 1732800529.00, NULL),
	(10046, 1732792320, 10080, 'exception', '["ErrorException","resources\\\\views\\\\despacho\\\\pdf\\\\cn.blade.php:378"]', 'max', 1732800529.00, NULL),
	(10060, 1732800240, 360, 'user_request', '1', 'count', 9.00, NULL),
	(10062, 1732800240, 360, 'cache_hit', 'spatie.permission.cache', 'count', 6.00, NULL),
	(10077, 1732800240, 360, 'exception', '["ErrorException","resources\\\\views\\\\despacho\\\\pdf\\\\cn.blade.php:378"]', 'count', 2.00, NULL),
	(10084, 1732800240, 360, 'exception', '["ErrorException","resources\\\\views\\\\despacho\\\\pdf\\\\cn.blade.php:378"]', 'max', 1732800529.00, NULL),
	(10132, 1732800240, 360, 'slow_request', '["POST","\\/iniciarems","via \\/livewire\\/update"]', 'count', 1.00, NULL),
	(10134, 1732800240, 360, 'slow_user_request', '1', 'count', 1.00, NULL),
	(10144, 1732800240, 360, 'slow_request', '["POST","\\/iniciarems","via \\/livewire\\/update"]', 'max', 2510.00, NULL),
	(10148, 1732800960, 360, 'user_request', '1', 'count', 6.00, NULL),
	(10149, 1732800960, 1440, 'user_request', '1', 'count', 11.00, NULL),
	(10151, 1732800960, 360, 'cache_hit', 'spatie.permission.cache', 'count', 3.00, NULL),
	(10152, 1732800960, 1440, 'cache_hit', 'spatie.permission.cache', 'count', 5.00, NULL),
	(10184, 1732801320, 360, 'user_request', '1', 'count', 2.00, NULL),
	(10186, 1732801320, 360, 'cache_hit', 'spatie.permission.cache', 'count', 1.00, NULL),
	(10196, 1732802040, 360, 'user_request', '1', 'count', 3.00, NULL),
	(10198, 1732802040, 360, 'cache_hit', 'spatie.permission.cache', 'count', 1.00, NULL),
	(10204, 1732802040, 360, 'exception', '["ErrorException","resources\\\\views\\\\despacho\\\\pdf\\\\cn.blade.php:247"]', 'count', 2.00, NULL),
	(10205, 1732800960, 1440, 'exception', '["ErrorException","resources\\\\views\\\\despacho\\\\pdf\\\\cn.blade.php:247"]', 'count', 2.00, NULL),
	(10206, 1732792320, 10080, 'exception', '["ErrorException","resources\\\\views\\\\despacho\\\\pdf\\\\cn.blade.php:247"]', 'count', 2.00, NULL),
	(10212, 1732802040, 360, 'exception', '["ErrorException","resources\\\\views\\\\despacho\\\\pdf\\\\cn.blade.php:247"]', 'max', 1732802257.00, NULL),
	(10213, 1732800960, 1440, 'exception', '["ErrorException","resources\\\\views\\\\despacho\\\\pdf\\\\cn.blade.php:247"]', 'max', 1732802257.00, NULL),
	(10214, 1732792320, 10080, 'exception', '["ErrorException","resources\\\\views\\\\despacho\\\\pdf\\\\cn.blade.php:247"]', 'max', 1732802257.00, NULL),
	(10228, 1732802400, 360, 'user_request', '1', 'count', 3.00, NULL),
	(10229, 1732802400, 1440, 'user_request', '1', 'count', 23.00, NULL),
	(10230, 1732802400, 10080, 'user_request', '1', 'count', 77.00, NULL),
	(10232, 1732802400, 360, 'cache_hit', 'spatie.permission.cache', 'count', 1.00, NULL),
	(10233, 1732802400, 1440, 'cache_hit', 'spatie.permission.cache', 'count', 10.00, NULL),
	(10234, 1732802400, 10080, 'cache_hit', 'spatie.permission.cache', 'count', 37.00, NULL),
	(10244, 1732802760, 360, 'user_request', '1', 'count', 13.00, NULL),
	(10252, 1732802760, 360, 'cache_hit', 'spatie.permission.cache', 'count', 6.00, NULL),
	(10300, 1732802760, 360, 'slow_request', '["POST","\\/iniciarems","via \\/livewire\\/update"]', 'count', 1.00, NULL),
	(10301, 1732802400, 1440, 'slow_request', '["POST","\\/iniciarems","via \\/livewire\\/update"]', 'count', 1.00, NULL),
	(10302, 1732802400, 10080, 'slow_request', '["POST","\\/iniciarems","via \\/livewire\\/update"]', 'count', 1.00, NULL),
	(10304, 1732802760, 360, 'slow_user_request', '1', 'count', 1.00, NULL),
	(10305, 1732802400, 1440, 'slow_user_request', '1', 'count', 1.00, NULL),
	(10306, 1732802400, 10080, 'slow_user_request', '1', 'count', 1.00, NULL),
	(10312, 1732802760, 360, 'slow_request', '["POST","\\/iniciarems","via \\/livewire\\/update"]', 'max', 1242.00, NULL),
	(10313, 1732802400, 1440, 'slow_request', '["POST","\\/iniciarems","via \\/livewire\\/update"]', 'max', 1242.00, NULL),
	(10314, 1732802400, 10080, 'slow_request', '["POST","\\/iniciarems","via \\/livewire\\/update"]', 'max', 1242.00, NULL),
	(10332, 1732803120, 360, 'user_request', '1', 'count', 4.00, NULL),
	(10334, 1732803120, 360, 'cache_hit', 'spatie.permission.cache', 'count', 2.00, NULL),
	(10352, 1732803120, 360, 'exception', '["ErrorException","resources\\\\views\\\\despacho\\\\pdf\\\\cn.blade.php:248"]', 'count', 1.00, NULL),
	(10353, 1732802400, 1440, 'exception', '["ErrorException","resources\\\\views\\\\despacho\\\\pdf\\\\cn.blade.php:248"]', 'count', 1.00, NULL),
	(10354, 1732802400, 10080, 'exception', '["ErrorException","resources\\\\views\\\\despacho\\\\pdf\\\\cn.blade.php:248"]', 'count', 18.00, NULL),
	(10360, 1732803120, 360, 'exception', '["ErrorException","resources\\\\views\\\\despacho\\\\pdf\\\\cn.blade.php:248"]', 'max', 1732803172.00, NULL),
	(10361, 1732802400, 1440, 'exception', '["ErrorException","resources\\\\views\\\\despacho\\\\pdf\\\\cn.blade.php:248"]', 'max', 1732803172.00, NULL),
	(10362, 1732802400, 10080, 'exception', '["ErrorException","resources\\\\views\\\\despacho\\\\pdf\\\\cn.blade.php:248"]', 'max', 1732808789.00, NULL),
	(10363, 1732803540, 60, 'user_request', '1', 'count', 3.00, NULL),
	(10364, 1732803480, 360, 'user_request', '1', 'count', 3.00, NULL),
	(10367, 1732803540, 60, 'cache_hit', 'spatie.permission.cache', 'count', 1.00, NULL),
	(10368, 1732803480, 360, 'cache_hit', 'spatie.permission.cache', 'count', 1.00, NULL),
	(10375, 1732803540, 60, 'exception', '["ErrorException","resources\\\\views\\\\despacho\\\\pdf\\\\cn.blade.php:253"]', 'count', 1.00, NULL),
	(10376, 1732803480, 360, 'exception', '["ErrorException","resources\\\\views\\\\despacho\\\\pdf\\\\cn.blade.php:253"]', 'count', 1.00, NULL),
	(10377, 1732802400, 1440, 'exception', '["ErrorException","resources\\\\views\\\\despacho\\\\pdf\\\\cn.blade.php:253"]', 'count', 1.00, NULL),
	(10378, 1732802400, 10080, 'exception', '["ErrorException","resources\\\\views\\\\despacho\\\\pdf\\\\cn.blade.php:253"]', 'count', 2.00, NULL),
	(10383, 1732803540, 60, 'exception', '["ErrorException","resources\\\\views\\\\despacho\\\\pdf\\\\cn.blade.php:253"]', 'max', 1732803595.00, NULL),
	(10384, 1732803480, 360, 'exception', '["ErrorException","resources\\\\views\\\\despacho\\\\pdf\\\\cn.blade.php:253"]', 'max', 1732803595.00, NULL),
	(10385, 1732802400, 1440, 'exception', '["ErrorException","resources\\\\views\\\\despacho\\\\pdf\\\\cn.blade.php:253"]', 'max', 1732803595.00, NULL),
	(10386, 1732802400, 10080, 'exception', '["ErrorException","resources\\\\views\\\\despacho\\\\pdf\\\\cn.blade.php:253"]', 'max', 1732808910.00, NULL),
	(10387, 1732804560, 60, 'user_request', '1', 'count', 4.00, NULL),
	(10388, 1732804560, 360, 'user_request', '1', 'count', 16.00, NULL),
	(10389, 1732803840, 1440, 'user_request', '1', 'count', 19.00, NULL),
	(10390, 1732804560, 60, 'cache_hit', 'spatie.permission.cache', 'count', 4.00, NULL),
	(10391, 1732804560, 360, 'cache_hit', 'spatie.permission.cache', 'count', 10.00, NULL),
	(10392, 1732803840, 1440, 'cache_hit', 'spatie.permission.cache', 'count', 11.00, NULL),
	(10419, 1732804620, 60, 'user_request', '1', 'count', 6.00, NULL),
	(10420, 1732804620, 60, 'cache_hit', 'spatie.permission.cache', 'count', 4.00, NULL),
	(10455, 1732804620, 60, 'exception', '["ErrorException","resources\\\\views\\\\despacho\\\\pdf\\\\cn.blade.php:248"]', 'count', 1.00, NULL),
	(10456, 1732804560, 360, 'exception', '["ErrorException","resources\\\\views\\\\despacho\\\\pdf\\\\cn.blade.php:248"]', 'count', 4.00, NULL),
	(10457, 1732803840, 1440, 'exception', '["ErrorException","resources\\\\views\\\\despacho\\\\pdf\\\\cn.blade.php:248"]', 'count', 6.00, NULL),
	(10463, 1732804620, 60, 'exception', '["ErrorException","resources\\\\views\\\\despacho\\\\pdf\\\\cn.blade.php:248"]', 'max', 1732804676.00, NULL),
	(10464, 1732804560, 360, 'exception', '["ErrorException","resources\\\\views\\\\despacho\\\\pdf\\\\cn.blade.php:248"]', 'max', 1732804919.00, NULL),
	(10465, 1732803840, 1440, 'exception', '["ErrorException","resources\\\\views\\\\despacho\\\\pdf\\\\cn.blade.php:248"]', 'max', 1732804960.00, NULL),
	(10467, 1732804680, 60, 'user_request', '1', 'count', 3.00, NULL),
	(10468, 1732804680, 60, 'cache_hit', 'spatie.permission.cache', 'count', 2.00, NULL),
	(10483, 1732804680, 60, 'exception', '["ErrorException","resources\\\\views\\\\despacho\\\\pdf\\\\cn.blade.php:248"]', 'count', 1.00, NULL),
	(10491, 1732804680, 60, 'exception', '["ErrorException","resources\\\\views\\\\despacho\\\\pdf\\\\cn.blade.php:248"]', 'max', 1732804727.00, NULL),
	(10495, 1732804800, 60, 'user_request', '1', 'count', 1.00, NULL),
	(10496, 1732804800, 60, 'exception', '["ErrorException","resources\\\\views\\\\despacho\\\\pdf\\\\cn.blade.php:248"]', 'count', 1.00, NULL),
	(10503, 1732804800, 60, 'exception', '["ErrorException","resources\\\\views\\\\despacho\\\\pdf\\\\cn.blade.php:248"]', 'max', 1732804815.00, NULL),
	(10507, 1732804860, 60, 'user_request', '1', 'count', 2.00, NULL),
	(10508, 1732804860, 60, 'cache_miss', 'spatie.permission.cache', 'count', 1.00, NULL),
	(10509, 1732804560, 360, 'cache_miss', 'spatie.permission.cache', 'count', 1.00, NULL),
	(10510, 1732803840, 1440, 'cache_miss', 'spatie.permission.cache', 'count', 1.00, NULL),
	(10511, 1732802400, 10080, 'cache_miss', 'spatie.permission.cache', 'count', 1.00, NULL),
	(10515, 1732804860, 60, 'exception', '["ErrorException","resources\\\\views\\\\despacho\\\\pdf\\\\cn.blade.php:248"]', 'count', 1.00, NULL),
	(10523, 1732804860, 60, 'exception', '["ErrorException","resources\\\\views\\\\despacho\\\\pdf\\\\cn.blade.php:248"]', 'max', 1732804919.00, NULL),
	(10527, 1732804920, 60, 'user_request', '1', 'count', 3.00, NULL),
	(10528, 1732804920, 360, 'user_request', '1', 'count', 3.00, NULL),
	(10529, 1732804920, 60, 'exception', '["ErrorException","resources\\\\views\\\\despacho\\\\pdf\\\\cn.blade.php:248"]', 'count', 2.00, NULL),
	(10530, 1732804920, 360, 'exception', '["ErrorException","resources\\\\views\\\\despacho\\\\pdf\\\\cn.blade.php:248"]', 'count', 2.00, NULL),
	(10535, 1732804920, 60, 'exception', '["ErrorException","resources\\\\views\\\\despacho\\\\pdf\\\\cn.blade.php:248"]', 'max', 1732804960.00, NULL),
	(10536, 1732804920, 360, 'exception', '["ErrorException","resources\\\\views\\\\despacho\\\\pdf\\\\cn.blade.php:248"]', 'max', 1732804960.00, NULL),
	(10539, 1732804920, 60, 'cache_hit', 'spatie.permission.cache', 'count', 1.00, NULL),
	(10540, 1732804920, 360, 'cache_hit', 'spatie.permission.cache', 'count', 1.00, NULL),
	(10559, 1732805580, 60, 'user_request', '1', 'count', 2.00, NULL),
	(10560, 1732805280, 360, 'user_request', '1', 'count', 2.00, NULL),
	(10561, 1732805280, 1440, 'user_request', '1', 'count', 10.00, NULL),
	(10562, 1732805580, 60, 'cache_hit', 'spatie.permission.cache', 'count', 1.00, NULL),
	(10563, 1732805280, 360, 'cache_hit', 'spatie.permission.cache', 'count', 1.00, NULL),
	(10564, 1732805280, 1440, 'cache_hit', 'spatie.permission.cache', 'count', 5.00, NULL),
	(10567, 1732805580, 60, 'exception', '["ErrorException","resources\\\\views\\\\despacho\\\\pdf\\\\cn.blade.php:248"]', 'count', 1.00, NULL),
	(10568, 1732805280, 360, 'exception', '["ErrorException","resources\\\\views\\\\despacho\\\\pdf\\\\cn.blade.php:248"]', 'count', 1.00, NULL),
	(10569, 1732805280, 1440, 'exception', '["ErrorException","resources\\\\views\\\\despacho\\\\pdf\\\\cn.blade.php:248"]', 'count', 4.00, NULL),
	(10575, 1732805580, 60, 'exception', '["ErrorException","resources\\\\views\\\\despacho\\\\pdf\\\\cn.blade.php:248"]', 'max', 1732805625.00, NULL),
	(10576, 1732805280, 360, 'exception', '["ErrorException","resources\\\\views\\\\despacho\\\\pdf\\\\cn.blade.php:248"]', 'max', 1732805625.00, NULL),
	(10577, 1732805280, 1440, 'exception', '["ErrorException","resources\\\\views\\\\despacho\\\\pdf\\\\cn.blade.php:248"]', 'max', 1732806258.00, NULL),
	(10579, 1732805760, 60, 'user_request', '1', 'count', 4.00, NULL),
	(10580, 1732805640, 360, 'user_request', '1', 'count', 4.00, NULL),
	(10581, 1732805760, 60, 'cache_hit', 'spatie.permission.cache', 'count', 2.00, NULL),
	(10582, 1732805640, 360, 'cache_hit', 'spatie.permission.cache', 'count', 2.00, NULL),
	(10599, 1732805760, 60, 'exception', '["ErrorException","resources\\\\views\\\\despacho\\\\pdf\\\\cn.blade.php:248"]', 'count', 1.00, NULL),
	(10600, 1732805640, 360, 'exception', '["ErrorException","resources\\\\views\\\\despacho\\\\pdf\\\\cn.blade.php:248"]', 'count', 1.00, NULL),
	(10607, 1732805760, 60, 'exception', '["ErrorException","resources\\\\views\\\\despacho\\\\pdf\\\\cn.blade.php:248"]', 'max', 1732805818.00, NULL),
	(10608, 1732805640, 360, 'exception', '["ErrorException","resources\\\\views\\\\despacho\\\\pdf\\\\cn.blade.php:248"]', 'max', 1732805818.00, NULL),
	(10611, 1732806180, 60, 'user_request', '1', 'count', 2.00, NULL),
	(10612, 1732806000, 360, 'user_request', '1', 'count', 4.00, NULL),
	(10613, 1732806180, 60, 'cache_hit', 'spatie.permission.cache', 'count', 1.00, NULL),
	(10614, 1732806000, 360, 'cache_hit', 'spatie.permission.cache', 'count', 2.00, NULL),
	(10619, 1732806180, 60, 'exception', '["ErrorException","resources\\\\views\\\\despacho\\\\pdf\\\\cn.blade.php:248"]', 'count', 1.00, NULL),
	(10620, 1732806000, 360, 'exception', '["ErrorException","resources\\\\views\\\\despacho\\\\pdf\\\\cn.blade.php:248"]', 'count', 2.00, NULL),
	(10627, 1732806180, 60, 'exception', '["ErrorException","resources\\\\views\\\\despacho\\\\pdf\\\\cn.blade.php:248"]', 'max', 1732806236.00, NULL),
	(10628, 1732806000, 360, 'exception', '["ErrorException","resources\\\\views\\\\despacho\\\\pdf\\\\cn.blade.php:248"]', 'max', 1732806258.00, NULL),
	(10631, 1732806240, 60, 'user_request', '1', 'count', 2.00, NULL),
	(10632, 1732806240, 60, 'cache_hit', 'spatie.permission.cache', 'count', 1.00, NULL),
	(10639, 1732806240, 60, 'exception', '["ErrorException","resources\\\\views\\\\despacho\\\\pdf\\\\cn.blade.php:248"]', 'count', 1.00, NULL),
	(10647, 1732806240, 60, 'exception', '["ErrorException","resources\\\\views\\\\despacho\\\\pdf\\\\cn.blade.php:248"]', 'max', 1732806258.00, NULL),
	(10651, 1732806840, 60, 'user_request', '1', 'count', 2.00, NULL),
	(10652, 1732806720, 360, 'user_request', '1', 'count', 6.00, NULL),
	(10653, 1732806720, 1440, 'user_request', '1', 'count', 10.00, NULL),
	(10655, 1732806840, 60, 'exception', '["ErrorException","resources\\\\views\\\\despacho\\\\pdf\\\\cn.blade.php:248"]', 'count', 1.00, NULL),
	(10656, 1732806720, 360, 'exception', '["ErrorException","resources\\\\views\\\\despacho\\\\pdf\\\\cn.blade.php:248"]', 'count', 3.00, NULL),
	(10657, 1732806720, 1440, 'exception', '["ErrorException","resources\\\\views\\\\despacho\\\\pdf\\\\cn.blade.php:248"]', 'count', 3.00, NULL),
	(10663, 1732806840, 60, 'exception', '["ErrorException","resources\\\\views\\\\despacho\\\\pdf\\\\cn.blade.php:248"]', 'max', 1732806864.00, NULL),
	(10664, 1732806720, 360, 'exception', '["ErrorException","resources\\\\views\\\\despacho\\\\pdf\\\\cn.blade.php:248"]', 'max', 1732807076.00, NULL),
	(10665, 1732806720, 1440, 'exception', '["ErrorException","resources\\\\views\\\\despacho\\\\pdf\\\\cn.blade.php:248"]', 'max', 1732807076.00, NULL),
	(10667, 1732806900, 60, 'user_request', '1', 'count', 2.00, NULL),
	(10668, 1732806900, 60, 'cache_hit', 'spatie.permission.cache', 'count', 1.00, NULL),
	(10669, 1732806720, 360, 'cache_hit', 'spatie.permission.cache', 'count', 2.00, NULL),
	(10670, 1732806720, 1440, 'cache_hit', 'spatie.permission.cache', 'count', 5.00, NULL),
	(10675, 1732806900, 60, 'exception', '["ErrorException","resources\\\\views\\\\despacho\\\\pdf\\\\cn.blade.php:248"]', 'count', 1.00, NULL),
	(10683, 1732806900, 60, 'exception', '["ErrorException","resources\\\\views\\\\despacho\\\\pdf\\\\cn.blade.php:248"]', 'max', 1732806906.00, NULL),
	(10687, 1732807020, 60, 'user_request', '1', 'count', 2.00, NULL),
	(10688, 1732807020, 60, 'cache_hit', 'spatie.permission.cache', 'count', 1.00, NULL),
	(10695, 1732807020, 60, 'exception', '["ErrorException","resources\\\\views\\\\despacho\\\\pdf\\\\cn.blade.php:248"]', 'count', 1.00, NULL),
	(10703, 1732807020, 60, 'exception', '["ErrorException","resources\\\\views\\\\despacho\\\\pdf\\\\cn.blade.php:248"]', 'max', 1732807076.00, NULL),
	(10707, 1732807140, 60, 'user_request', '1', 'count', 1.00, NULL),
	(10708, 1732807080, 360, 'user_request', '1', 'count', 1.00, NULL),
	(10709, 1732807140, 60, 'cache_hit', 'spatie.permission.cache', 'count', 1.00, NULL),
	(10710, 1732807080, 360, 'cache_hit', 'spatie.permission.cache', 'count', 1.00, NULL),
	(10715, 1732807740, 60, 'user_request', '1', 'count', 3.00, NULL),
	(10716, 1732807440, 360, 'user_request', '1', 'count', 3.00, NULL),
	(10717, 1732807740, 60, 'cache_hit', 'spatie.permission.cache', 'count', 2.00, NULL),
	(10718, 1732807440, 360, 'cache_hit', 'spatie.permission.cache', 'count', 2.00, NULL),
	(10735, 1732808220, 60, 'user_request', '1', 'count', 2.00, NULL),
	(10736, 1732808160, 360, 'user_request', '1', 'count', 7.00, NULL),
	(10737, 1732808160, 1440, 'user_request', '1', 'count', 15.00, NULL),
	(10738, 1732808220, 60, 'cache_hit', 'spatie.permission.cache', 'count', 1.00, NULL),
	(10739, 1732808160, 360, 'cache_hit', 'spatie.permission.cache', 'count', 3.00, NULL),
	(10740, 1732808160, 1440, 'cache_hit', 'spatie.permission.cache', 'count', 6.00, NULL),
	(10743, 1732808220, 60, 'exception', '["ErrorException","resources\\\\views\\\\despacho\\\\pdf\\\\cn.blade.php:248"]', 'count', 1.00, NULL),
	(10744, 1732808160, 360, 'exception', '["ErrorException","resources\\\\views\\\\despacho\\\\pdf\\\\cn.blade.php:248"]', 'count', 2.00, NULL),
	(10745, 1732808160, 1440, 'exception', '["ErrorException","resources\\\\views\\\\despacho\\\\pdf\\\\cn.blade.php:248"]', 'count', 4.00, NULL),
	(10751, 1732808220, 60, 'exception', '["ErrorException","resources\\\\views\\\\despacho\\\\pdf\\\\cn.blade.php:248"]', 'max', 1732808262.00, NULL),
	(10752, 1732808160, 360, 'exception', '["ErrorException","resources\\\\views\\\\despacho\\\\pdf\\\\cn.blade.php:248"]', 'max', 1732808399.00, NULL),
	(10753, 1732808160, 1440, 'exception', '["ErrorException","resources\\\\views\\\\despacho\\\\pdf\\\\cn.blade.php:248"]', 'max', 1732808789.00, NULL),
	(10755, 1732808340, 60, 'user_request', '1', 'count', 5.00, NULL),
	(10759, 1732808340, 60, 'cache_hit', 'spatie.permission.cache', 'count', 2.00, NULL),
	(10779, 1732808340, 60, 'exception', '["ErrorException","resources\\\\views\\\\despacho\\\\pdf\\\\cn.blade.php:248"]', 'count', 1.00, NULL),
	(10787, 1732808340, 60, 'exception', '["ErrorException","resources\\\\views\\\\despacho\\\\pdf\\\\cn.blade.php:248"]', 'max', 1732808399.00, NULL),
	(10791, 1732808760, 60, 'user_request', '1', 'count', 3.00, NULL),
	(10792, 1732808520, 360, 'user_request', '1', 'count', 3.00, NULL),
	(10793, 1732808760, 60, 'exception', '["ErrorException","resources\\\\views\\\\despacho\\\\pdf\\\\cn.blade.php:248"]', 'count', 2.00, NULL),
	(10794, 1732808520, 360, 'exception', '["ErrorException","resources\\\\views\\\\despacho\\\\pdf\\\\cn.blade.php:248"]', 'count', 2.00, NULL),
	(10799, 1732808760, 60, 'exception', '["ErrorException","resources\\\\views\\\\despacho\\\\pdf\\\\cn.blade.php:248"]', 'max', 1732808789.00, NULL),
	(10800, 1732808520, 360, 'exception', '["ErrorException","resources\\\\views\\\\despacho\\\\pdf\\\\cn.blade.php:248"]', 'max', 1732808789.00, NULL),
	(10803, 1732808760, 60, 'cache_hit', 'spatie.permission.cache', 'count', 1.00, NULL),
	(10804, 1732808520, 360, 'cache_hit', 'spatie.permission.cache', 'count', 1.00, NULL),
	(10823, 1732808880, 60, 'user_request', '1', 'count', 1.00, NULL),
	(10824, 1732808880, 360, 'user_request', '1', 'count', 5.00, NULL),
	(10825, 1732808880, 60, 'exception', '["ErrorException","resources\\\\views\\\\despacho\\\\pdf\\\\cn.blade.php:253"]', 'count', 1.00, NULL),
	(10826, 1732808880, 360, 'exception', '["ErrorException","resources\\\\views\\\\despacho\\\\pdf\\\\cn.blade.php:253"]', 'count', 1.00, NULL),
	(10827, 1732808160, 1440, 'exception', '["ErrorException","resources\\\\views\\\\despacho\\\\pdf\\\\cn.blade.php:253"]', 'count', 1.00, NULL),
	(10831, 1732808880, 60, 'exception', '["ErrorException","resources\\\\views\\\\despacho\\\\pdf\\\\cn.blade.php:253"]', 'max', 1732808910.00, NULL),
	(10832, 1732808880, 360, 'exception', '["ErrorException","resources\\\\views\\\\despacho\\\\pdf\\\\cn.blade.php:253"]', 'max', 1732808910.00, NULL),
	(10833, 1732808160, 1440, 'exception', '["ErrorException","resources\\\\views\\\\despacho\\\\pdf\\\\cn.blade.php:253"]', 'max', 1732808910.00, NULL),
	(10835, 1732809060, 60, 'user_request', '1', 'count', 2.00, NULL),
	(10836, 1732809060, 60, 'cache_hit', 'spatie.permission.cache', 'count', 1.00, NULL),
	(10837, 1732808880, 360, 'cache_hit', 'spatie.permission.cache', 'count', 2.00, NULL),
	(10847, 1732809120, 60, 'user_request', '1', 'count', 2.00, NULL),
	(10848, 1732809120, 60, 'cache_hit', 'spatie.permission.cache', 'count', 1.00, NULL),
	(10859, 1732816020, 60, 'user_request', '1', 'count', 5.00, NULL),
	(10860, 1732815720, 360, 'user_request', '1', 'count', 5.00, NULL),
	(10861, 1732815360, 1440, 'user_request', '1', 'count', 5.00, NULL),
	(10862, 1732812480, 10080, 'user_request', '1', 'count', 5.00, NULL),
	(10863, 1732816020, 60, 'cache_hit', 'spatie.permission.cache', 'count', 4.00, NULL),
	(10864, 1732815720, 360, 'cache_hit', 'spatie.permission.cache', 'count', 4.00, NULL),
	(10865, 1732815360, 1440, 'cache_hit', 'spatie.permission.cache', 'count', 4.00, NULL),
	(10866, 1732812480, 10080, 'cache_hit', 'spatie.permission.cache', 'count', 4.00, NULL),
	(10888, 1736434500, 60, 'slow_request', '["GET","\\/iniciarems","App\\\\Http\\\\Controllers\\\\DespachoController@getIniciarems"]', 'count', 1.00, NULL),
	(10889, 1736434440, 360, 'slow_request', '["GET","\\/iniciarems","App\\\\Http\\\\Controllers\\\\DespachoController@getIniciarems"]', 'count', 1.00, NULL),
	(10890, 1736434080, 1440, 'slow_request', '["GET","\\/iniciarems","App\\\\Http\\\\Controllers\\\\DespachoController@getIniciarems"]', 'count', 1.00, NULL),
	(10891, 1736431200, 10080, 'slow_request', '["GET","\\/iniciarems","App\\\\Http\\\\Controllers\\\\DespachoController@getIniciarems"]', 'count', 1.00, NULL),
	(10892, 1736434500, 60, 'slow_request', '["GET","\\/iniciarems","App\\\\Http\\\\Controllers\\\\DespachoController@getIniciarems"]', 'max', 1142.00, NULL),
	(10893, 1736434440, 360, 'slow_request', '["GET","\\/iniciarems","App\\\\Http\\\\Controllers\\\\DespachoController@getIniciarems"]', 'max', 1142.00, NULL),
	(10894, 1736434080, 1440, 'slow_request', '["GET","\\/iniciarems","App\\\\Http\\\\Controllers\\\\DespachoController@getIniciarems"]', 'max', 1142.00, NULL),
	(10895, 1736431200, 10080, 'slow_request', '["GET","\\/iniciarems","App\\\\Http\\\\Controllers\\\\DespachoController@getIniciarems"]', 'max', 1142.00, NULL),
	(10896, 1736460000, 60, 'user_request', '1', 'count', 2.00, NULL),
	(10897, 1736460000, 360, 'user_request', '1', 'count', 13.00, NULL),
	(10898, 1736460000, 1440, 'user_request', '1', 'count', 13.00, NULL),
	(10899, 1736451360, 10080, 'user_request', '1', 'count', 13.00, NULL),
	(10900, 1736460000, 60, 'cache_miss', 'spatie.permission.cache', 'count', 1.00, NULL),
	(10901, 1736460000, 360, 'cache_miss', 'spatie.permission.cache', 'count', 1.00, NULL),
	(10902, 1736460000, 1440, 'cache_miss', 'spatie.permission.cache', 'count', 1.00, NULL),
	(10903, 1736451360, 10080, 'cache_miss', 'spatie.permission.cache', 'count', 1.00, NULL),
	(10908, 1736460060, 60, 'user_request', '1', 'count', 11.00, NULL),
	(10909, 1736460060, 60, 'cache_hit', 'spatie.permission.cache', 'count', 3.00, NULL),
	(10910, 1736460000, 360, 'cache_hit', 'spatie.permission.cache', 'count', 3.00, NULL),
	(10911, 1736460000, 1440, 'cache_hit', 'spatie.permission.cache', 'count', 3.00, NULL),
	(10912, 1736451360, 10080, 'cache_hit', 'spatie.permission.cache', 'count', 3.00, NULL),
	(10964, 1737043680, 60, 'user_request', '1', 'count', 3.00, NULL),
	(10965, 1737043560, 360, 'user_request', '1', 'count', 3.00, NULL),
	(10966, 1737043200, 1440, 'user_request', '1', 'count', 3.00, NULL),
	(10967, 1737036000, 10080, 'user_request', '1', 'count', 3.00, NULL),
	(10968, 1737043680, 60, 'cache_miss', 'spatie.permission.cache', 'count', 1.00, NULL),
	(10969, 1737043560, 360, 'cache_miss', 'spatie.permission.cache', 'count', 1.00, NULL),
	(10970, 1737043200, 1440, 'cache_miss', 'spatie.permission.cache', 'count', 1.00, NULL),
	(10971, 1737036000, 10080, 'cache_miss', 'spatie.permission.cache', 'count', 1.00, NULL),
	(10976, 1737043680, 60, 'cache_hit', 'spatie.permission.cache', 'count', 1.00, NULL),
	(10977, 1737043560, 360, 'cache_hit', 'spatie.permission.cache', 'count', 1.00, NULL),
	(10978, 1737043200, 1440, 'cache_hit', 'spatie.permission.cache', 'count', 1.00, NULL),
	(10979, 1737036000, 10080, 'cache_hit', 'spatie.permission.cache', 'count', 1.00, NULL);

-- Volcando estructura para tabla blackbag.pulse_entries
CREATE TABLE IF NOT EXISTS `pulse_entries` (
  `id` bigint(20) unsigned NOT NULL AUTO_INCREMENT,
  `timestamp` int(10) unsigned NOT NULL,
  `type` varchar(255) NOT NULL,
  `key` mediumtext NOT NULL,
  `key_hash` binary(16) GENERATED ALWAYS AS (unhex(md5(`key`))) VIRTUAL,
  `value` bigint(20) DEFAULT NULL,
  PRIMARY KEY (`id`),
  KEY `pulse_entries_timestamp_index` (`timestamp`),
  KEY `pulse_entries_type_index` (`type`),
  KEY `pulse_entries_key_hash_index` (`key_hash`),
  KEY `pulse_entries_timestamp_type_key_hash_value_index` (`timestamp`,`type`,`key_hash`,`value`)
) ENGINE=InnoDB AUTO_INCREMENT=2746 DEFAULT CHARSET=utf8mb4 COLLATE=utf8mb4_unicode_ci;

-- Volcando datos para la tabla blackbag.pulse_entries: ~1.364 rows (aproximadamente)
INSERT INTO `pulse_entries` (`id`, `timestamp`, `type`, `key`, `value`) VALUES
	(1373, 1732204726, 'user_request', '1', NULL),
	(1374, 1732204726, 'user_request', '1', NULL),
	(1375, 1732204729, 'user_request', '1', NULL),
	(1376, 1732204735, 'user_request', '1', NULL),
	(1377, 1732204742, 'user_request', '1', NULL),
	(1378, 1732204745, 'user_request', '1', NULL),
	(1379, 1732205302, 'user_request', '1', NULL),
	(1380, 1732205304, 'user_request', '1', NULL),
	(1381, 1732205341, 'user_request', '1', NULL),
	(1382, 1732219595, 'user_request', '1', NULL),
	(1383, 1732219595, 'user_request', '1', NULL),
	(1384, 1732219598, 'user_request', '1', NULL),
	(1385, 1732219600, 'user_request', '1', NULL),
	(1386, 1732219600, 'exception', '["Illuminate\\\\Database\\\\QueryException","vendor\\/laravel\\/framework\\/src\\/Illuminate\\/Database\\/Connection.php:829"]', 1732219600),
	(1387, 1732219860, 'user_request', '1', NULL),
	(1388, 1732219873, 'cache_miss', 'spatie.permission.cache', NULL),
	(1389, 1732219874, 'cache_hit', 'spatie.permission.cache', NULL),
	(1390, 1732219874, 'cache_hit', 'spatie.permission.cache', NULL),
	(1391, 1732219874, 'cache_hit', 'spatie.permission.cache', NULL),
	(1392, 1732219874, 'cache_hit', 'spatie.permission.cache', NULL),
	(1393, 1732219874, 'cache_hit', 'spatie.permission.cache', NULL),
	(1394, 1732219874, 'cache_hit', 'spatie.permission.cache', NULL),
	(1395, 1732219874, 'cache_hit', 'spatie.permission.cache', NULL),
	(1396, 1732219878, 'cache_hit', 'spatie.permission.cache', NULL),
	(1397, 1732219878, 'cache_hit', 'spatie.permission.cache', NULL),
	(1398, 1732219878, 'cache_hit', 'spatie.permission.cache', NULL),
	(1399, 1732219878, 'cache_hit', 'spatie.permission.cache', NULL),
	(1400, 1732219878, 'cache_hit', 'spatie.permission.cache', NULL),
	(1401, 1732219878, 'cache_hit', 'spatie.permission.cache', NULL),
	(1402, 1732219878, 'cache_hit', 'spatie.permission.cache', NULL),
	(1403, 1732219878, 'cache_hit', 'spatie.permission.cache', NULL),
	(1404, 1732219880, 'user_request', '1', NULL),
	(1405, 1732219881, 'cache_miss', 'lv:v3.11.2:file:fb933160-error.log.9.gz:metadata', NULL),
	(1406, 1732219881, 'cache_miss', 'lv:v3.11.2:file:fad49617-error.log.8.gz:metadata', NULL),
	(1407, 1732219881, 'cache_miss', 'lv:v3.11.2:file:a846fcb6-error.log.7.gz:metadata', NULL),
	(1408, 1732219881, 'cache_miss', 'lv:v3.11.2:file:c2a6b6ea-error.log.6.gz:metadata', NULL),
	(1409, 1732219881, 'cache_miss', 'lv:v3.11.2:file:5a02fdbc-error.log.5.gz:metadata', NULL),
	(1410, 1732219881, 'cache_miss', 'lv:v3.11.2:file:fb212820-error.log.4.gz:metadata', NULL),
	(1411, 1732219881, 'cache_miss', 'lv:v3.11.2:file:b6ce8292-error.log.3.gz:metadata', NULL),
	(1412, 1732219881, 'cache_miss', 'lv:v3.11.2:file:3f377e46-error.log.2.gz:metadata', NULL),
	(1413, 1732219881, 'cache_miss', 'lv:v3.11.2:file:74bd32b4-error.log.12.gz:metadata', NULL),
	(1414, 1732219881, 'cache_miss', 'lv:v3.11.2:file:1c55433b-error.log.11.gz:metadata', NULL),
	(1415, 1732219881, 'cache_miss', 'lv:v3.11.2:file:36b485a6-error.log.10.gz:metadata', NULL),
	(1416, 1732219881, 'cache_miss', 'lv:v3.11.2:file:a9810ffd-error.log.1:metadata', NULL),
	(1417, 1732219881, 'cache_miss', 'lv:v3.11.2:file:9bfcaedc-error.log:metadata', NULL),
	(1418, 1732219881, 'cache_miss', 'lv:v3.11.2:file:77058129-ems_error.log:metadata', NULL),
	(1419, 1732219881, 'cache_miss', 'lv:v3.11.2:file:b333736d-ems_access.log:metadata', NULL),
	(1420, 1732219881, 'cache_miss', 'lv:v3.11.2:file:7bdff8c9-access.log.9.gz:metadata', NULL),
	(1421, 1732219881, 'cache_miss', 'lv:v3.11.2:file:8e8f1fa2-access.log.8.gz:metadata', NULL),
	(1422, 1732219881, 'cache_miss', 'lv:v3.11.2:file:7a808374-access.log.7.gz:metadata', NULL),
	(1423, 1732219881, 'cache_miss', 'lv:v3.11.2:file:998d6dcd-access.log.6.gz:metadata', NULL),
	(1424, 1732219881, 'cache_miss', 'lv:v3.11.2:file:ade9f459-access.log.5.gz:metadata', NULL),
	(1425, 1732219881, 'cache_miss', 'lv:v3.11.2:file:2deb7e8a-access.log.4.gz:metadata', NULL),
	(1426, 1732219881, 'cache_miss', 'lv:v3.11.2:file:39f0cbc0-access.log.3.gz:metadata', NULL),
	(1427, 1732219881, 'cache_miss', 'lv:v3.11.2:file:ef6b480c-access.log.2.gz:metadata', NULL),
	(1428, 1732219881, 'cache_miss', 'lv:v3.11.2:file:1ba34915-access.log.14.gz:metadata', NULL),
	(1429, 1732219881, 'cache_miss', 'lv:v3.11.2:file:9897f97e-access.log.13.gz:metadata', NULL),
	(1430, 1732219881, 'cache_miss', 'lv:v3.11.2:file:5fec0cd2-access.log.12.gz:metadata', NULL),
	(1431, 1732219881, 'cache_miss', 'lv:v3.11.2:file:3ac4c887-access.log.11.gz:metadata', NULL),
	(1432, 1732219881, 'cache_miss', 'lv:v3.11.2:file:e38c9e2c-access.log.10.gz:metadata', NULL),
	(1433, 1732219881, 'cache_miss', 'lv:v3.11.2:file:62a2f40a-access.log.1:metadata', NULL),
	(1434, 1732219881, 'cache_miss', 'lv:v3.11.2:file:51fab2a2-access.log:metadata', NULL),
	(1435, 1732219881, 'cache_miss', 'lv:v3.11.2:file:d99a4641-EMS_error.log:metadata', NULL),
	(1436, 1732219881, 'cache_miss', 'lv:v3.11.2:file:f5136dbb-EMS_access.log.1:metadata', NULL),
	(1437, 1732219881, 'cache_miss', 'lv:v3.11.2:file:406ff394-EMS_access.log:metadata', NULL),
	(1438, 1732219881, 'cache_miss', 'lv:v3.11.2:file:90758376-laravel.log:metadata', NULL),
	(1439, 1732219889, 'cache_hit', 'lv:v3.11.2:file:fb933160-error.log.9.gz:metadata', NULL),
	(1440, 1732219889, 'cache_hit', 'lv:v3.11.2:file:fad49617-error.log.8.gz:metadata', NULL),
	(1441, 1732219889, 'cache_hit', 'lv:v3.11.2:file:a846fcb6-error.log.7.gz:metadata', NULL),
	(1442, 1732219889, 'cache_hit', 'lv:v3.11.2:file:c2a6b6ea-error.log.6.gz:metadata', NULL),
	(1443, 1732219889, 'cache_hit', 'lv:v3.11.2:file:5a02fdbc-error.log.5.gz:metadata', NULL),
	(1444, 1732219889, 'cache_hit', 'lv:v3.11.2:file:fb212820-error.log.4.gz:metadata', NULL),
	(1445, 1732219889, 'cache_hit', 'lv:v3.11.2:file:b6ce8292-error.log.3.gz:metadata', NULL),
	(1446, 1732219889, 'cache_hit', 'lv:v3.11.2:file:3f377e46-error.log.2.gz:metadata', NULL),
	(1447, 1732219889, 'cache_hit', 'lv:v3.11.2:file:74bd32b4-error.log.12.gz:metadata', NULL),
	(1448, 1732219889, 'cache_hit', 'lv:v3.11.2:file:1c55433b-error.log.11.gz:metadata', NULL),
	(1449, 1732219889, 'cache_hit', 'lv:v3.11.2:file:36b485a6-error.log.10.gz:metadata', NULL),
	(1450, 1732219889, 'cache_hit', 'lv:v3.11.2:file:a9810ffd-error.log.1:metadata', NULL),
	(1451, 1732219889, 'cache_hit', 'lv:v3.11.2:file:9bfcaedc-error.log:metadata', NULL),
	(1452, 1732219889, 'cache_hit', 'lv:v3.11.2:file:77058129-ems_error.log:metadata', NULL),
	(1453, 1732219889, 'cache_hit', 'lv:v3.11.2:file:b333736d-ems_access.log:metadata', NULL),
	(1454, 1732219889, 'cache_hit', 'lv:v3.11.2:file:7bdff8c9-access.log.9.gz:metadata', NULL),
	(1455, 1732219889, 'cache_hit', 'lv:v3.11.2:file:8e8f1fa2-access.log.8.gz:metadata', NULL),
	(1456, 1732219889, 'cache_hit', 'lv:v3.11.2:file:7a808374-access.log.7.gz:metadata', NULL),
	(1457, 1732219889, 'cache_hit', 'lv:v3.11.2:file:998d6dcd-access.log.6.gz:metadata', NULL),
	(1458, 1732219889, 'cache_hit', 'lv:v3.11.2:file:ade9f459-access.log.5.gz:metadata', NULL),
	(1459, 1732219889, 'cache_hit', 'lv:v3.11.2:file:2deb7e8a-access.log.4.gz:metadata', NULL),
	(1460, 1732219889, 'cache_hit', 'lv:v3.11.2:file:39f0cbc0-access.log.3.gz:metadata', NULL),
	(1461, 1732219889, 'cache_hit', 'lv:v3.11.2:file:ef6b480c-access.log.2.gz:metadata', NULL),
	(1462, 1732219889, 'cache_hit', 'lv:v3.11.2:file:1ba34915-access.log.14.gz:metadata', NULL),
	(1463, 1732219889, 'cache_hit', 'lv:v3.11.2:file:9897f97e-access.log.13.gz:metadata', NULL),
	(1464, 1732219889, 'cache_hit', 'lv:v3.11.2:file:5fec0cd2-access.log.12.gz:metadata', NULL),
	(1465, 1732219889, 'cache_hit', 'lv:v3.11.2:file:3ac4c887-access.log.11.gz:metadata', NULL),
	(1466, 1732219889, 'cache_hit', 'lv:v3.11.2:file:e38c9e2c-access.log.10.gz:metadata', NULL),
	(1467, 1732219889, 'cache_hit', 'lv:v3.11.2:file:62a2f40a-access.log.1:metadata', NULL),
	(1468, 1732219889, 'cache_hit', 'lv:v3.11.2:file:51fab2a2-access.log:metadata', NULL),
	(1469, 1732219889, 'cache_hit', 'lv:v3.11.2:file:d99a4641-EMS_error.log:metadata', NULL),
	(1470, 1732219889, 'cache_hit', 'lv:v3.11.2:file:f5136dbb-EMS_access.log.1:metadata', NULL),
	(1471, 1732219889, 'cache_hit', 'lv:v3.11.2:file:406ff394-EMS_access.log:metadata', NULL),
	(1472, 1732219889, 'cache_hit', 'lv:v3.11.2:file:90758376-laravel.log:metadata', NULL),
	(1473, 1732219889, 'cache_miss', 'lv:v3.11.2:file:90758376-laravel.log:ecf8427e:metadata', NULL),
	(1474, 1732219914, 'cache_hit', 'spatie.permission.cache', NULL),
	(1475, 1732219915, 'cache_hit', 'spatie.permission.cache', NULL),
	(1476, 1732219915, 'cache_hit', 'spatie.permission.cache', NULL),
	(1477, 1732219915, 'cache_hit', 'spatie.permission.cache', NULL),
	(1478, 1732219915, 'cache_hit', 'spatie.permission.cache', NULL),
	(1479, 1732219915, 'cache_hit', 'spatie.permission.cache', NULL),
	(1480, 1732219915, 'cache_hit', 'spatie.permission.cache', NULL),
	(1481, 1732219915, 'cache_hit', 'spatie.permission.cache', NULL),
	(1482, 1732219918, 'user_request', '1', NULL),
	(1483, 1732219922, 'user_request', '1', NULL),
	(1484, 1732284878, 'user_request', '1', NULL),
	(1485, 1732284878, 'user_request', '1', NULL),
	(1486, 1732284971, 'user_request', '1', NULL),
	(1487, 1732284973, 'user_request', '1', NULL),
	(1488, 1732284979, 'user_request', '1', NULL),
	(1489, 1732284979, 'user_request', '1', NULL),
	(1490, 1732284981, 'user_request', '1', NULL),
	(1491, 1732284989, 'user_request', '1', NULL),
	(1492, 1732284989, 'user_request', '1', NULL),
	(1493, 1732284991, 'user_request', '1', NULL),
	(1494, 1732284995, 'user_request', '1', NULL),
	(1495, 1732284995, 'user_request', '1', NULL),
	(1496, 1732284997, 'user_request', '1', NULL),
	(1497, 1732285003, 'user_request', '1', NULL),
	(1498, 1732285003, 'user_request', '1', NULL),
	(1499, 1732285006, 'user_request', '1', NULL),
	(1500, 1732285014, 'user_request', '1', NULL),
	(1501, 1732285014, 'user_request', '1', NULL),
	(1502, 1732285016, 'user_request', '1', NULL),
	(1503, 1732285021, 'user_request', '1', NULL),
	(1504, 1732285021, 'user_request', '1', NULL),
	(1505, 1732285027, 'user_request', '1', NULL),
	(1506, 1732285035, 'user_request', '1', NULL),
	(1507, 1732285038, 'user_request', '1', NULL),
	(1508, 1732285038, 'cache_miss', 'spatie.permission.cache', NULL),
	(1509, 1732285038, 'user_request', '1', NULL),
	(1510, 1732285041, 'user_request', '1', NULL),
	(1511, 1732285044, 'user_request', '1', NULL),
	(1512, 1732285044, 'cache_miss', 'spatie.permission.cache', NULL),
	(1513, 1732285044, 'user_request', '1', NULL),
	(1514, 1732285047, 'user_request', '1', NULL),
	(1515, 1732285050, 'user_request', '1', NULL),
	(1516, 1732285050, 'cache_miss', 'spatie.permission.cache', NULL),
	(1517, 1732285050, 'user_request', '1', NULL),
	(1518, 1732285052, 'user_request', '1', NULL),
	(1519, 1732285057, 'user_request', '1', NULL),
	(1520, 1732285057, 'cache_miss', 'spatie.permission.cache', NULL),
	(1521, 1732285057, 'user_request', '1', NULL),
	(1522, 1732285125, 'user_request', '1', NULL),
	(1523, 1732285128, 'user_request', '1', NULL),
	(1524, 1732285148, 'user_request', '1', NULL),
	(1525, 1732285148, 'user_request', '1', NULL),
	(1526, 1732285150, 'user_request', '1', NULL),
	(1527, 1732285160, 'user_request', '1', NULL),
	(1528, 1732285160, 'user_request', '1', NULL),
	(1529, 1732285161, 'user_request', '1', NULL),
	(1530, 1732285167, 'user_request', '1', NULL),
	(1531, 1732285167, 'user_request', '1', NULL),
	(1532, 1732285169, 'user_request', '1', NULL),
	(1533, 1732285173, 'user_request', '1', NULL),
	(1534, 1732285173, 'user_request', '1', NULL),
	(1535, 1732285178, 'user_request', '1', NULL),
	(1536, 1732285185, 'user_request', '1', NULL),
	(1537, 1732285193, 'user_request', '1', NULL),
	(1538, 1732285193, 'user_request', '1', NULL),
	(1539, 1732285195, 'user_request', '1', NULL),
	(1540, 1732285210, 'user_request', '1', NULL),
	(1541, 1732285210, 'user_request', '1', NULL),
	(1542, 1732285252, 'user_request', '1', NULL),
	(1543, 1732285258, 'user_request', '1', NULL),
	(1544, 1732285258, 'user_request', '1', NULL),
	(1545, 1732285283, 'user_request', '1', NULL),
	(1546, 1732285652, 'user_request', '1', NULL),
	(1547, 1732285652, 'cache_miss', 'spatie.permission.cache', NULL),
	(1548, 1732285655, 'user_request', '1', NULL),
	(1549, 1732285655, 'cache_hit', 'spatie.permission.cache', NULL),
	(1550, 1732285659, 'user_request', '1', NULL),
	(1551, 1732285659, 'user_request', '1', NULL),
	(1552, 1732285659, 'cache_hit', 'spatie.permission.cache', NULL),
	(1553, 1732285666, 'user_request', '1', NULL),
	(1554, 1732285666, 'cache_hit', 'spatie.permission.cache', NULL),
	(1555, 1732285671, 'user_request', '1', NULL),
	(1556, 1732285671, 'user_request', '1', NULL),
	(1557, 1732285671, 'cache_hit', 'spatie.permission.cache', NULL),
	(1558, 1732285674, 'user_request', '1', NULL),
	(1559, 1732285674, 'cache_hit', 'spatie.permission.cache', NULL),
	(1560, 1732285683, 'user_request', '1', NULL),
	(1561, 1732285683, 'user_request', '1', NULL),
	(1562, 1732285683, 'cache_hit', 'spatie.permission.cache', NULL),
	(1563, 1732285716, 'user_request', '1', NULL),
	(1564, 1732285716, 'user_request', '1', NULL),
	(1565, 1732285716, 'cache_hit', 'spatie.permission.cache', NULL),
	(1566, 1732285720, 'user_request', '1', NULL),
	(1567, 1732285741, 'user_request', '3', NULL),
	(1568, 1732285741, 'user_request', '3', NULL),
	(1569, 1732285741, 'cache_hit', 'spatie.permission.cache', NULL),
	(1570, 1732285746, 'user_request', '3', NULL),
	(1571, 1732285746, 'cache_hit', 'spatie.permission.cache', NULL),
	(1572, 1732285748, 'user_request', '3', NULL),
	(1573, 1732285748, 'cache_hit', 'spatie.permission.cache', NULL),
	(1574, 1732285750, 'user_request', '3', NULL),
	(1575, 1732285750, 'cache_hit', 'spatie.permission.cache', NULL),
	(1576, 1732285757, 'user_request', '3', NULL),
	(1577, 1732285776, 'user_request', '4', NULL),
	(1578, 1732285776, 'user_request', '4', NULL),
	(1579, 1732285776, 'cache_hit', 'spatie.permission.cache', NULL),
	(1580, 1732285782, 'user_request', '4', NULL),
	(1581, 1732285782, 'cache_hit', 'spatie.permission.cache', NULL),
	(1582, 1732285784, 'user_request', '4', NULL),
	(1583, 1732285784, 'cache_hit', 'spatie.permission.cache', NULL),
	(1584, 1732285848, 'user_request', '4', NULL),
	(1585, 1732291216, 'user_request', '4', NULL),
	(1586, 1732291216, 'user_request', '4', NULL),
	(1587, 1732291216, 'cache_hit', 'spatie.permission.cache', NULL),
	(1588, 1732291219, 'user_request', '4', NULL),
	(1589, 1732291219, 'user_request', '4', NULL),
	(1590, 1732291219, 'cache_hit', 'spatie.permission.cache', NULL),
	(1591, 1732291222, 'user_request', '4', NULL),
	(1592, 1732291222, 'user_request', '4', NULL),
	(1593, 1732291222, 'cache_hit', 'spatie.permission.cache', NULL),
	(1594, 1732291224, 'user_request', '4', NULL),
	(1595, 1732291232, 'user_request', '1', NULL),
	(1596, 1732291232, 'user_request', '1', NULL),
	(1597, 1732291232, 'cache_hit', 'spatie.permission.cache', NULL),
	(1598, 1732291485, 'user_request', '1', NULL),
	(1599, 1732291485, 'user_request', '1', NULL),
	(1600, 1732291485, 'cache_hit', 'spatie.permission.cache', NULL),
	(1601, 1732291490, 'user_request', '1', NULL),
	(1602, 1732300409, 'user_request', '1', NULL),
	(1603, 1732300409, 'user_request', '1', NULL),
	(1604, 1732300409, 'cache_hit', 'spatie.permission.cache', NULL),
	(1605, 1732302044, 'user_request', '1', NULL),
	(1606, 1732302044, 'user_request', '1', NULL),
	(1607, 1732302044, 'cache_hit', 'spatie.permission.cache', NULL),
	(1608, 1732302047, 'user_request', '1', NULL),
	(1609, 1732302058, 'user_request', '1', NULL),
	(1610, 1732302058, 'user_request', '1', NULL),
	(1611, 1732302058, 'cache_hit', 'spatie.permission.cache', NULL),
	(1612, 1732302061, 'user_request', '1', NULL),
	(1613, 1732302061, 'user_request', '1', NULL),
	(1614, 1732302061, 'cache_hit', 'spatie.permission.cache', NULL),
	(1615, 1732302063, 'user_request', '1', NULL),
	(1616, 1732302063, 'cache_hit', 'spatie.permission.cache', NULL),
	(1617, 1732302161, 'user_request', '1', NULL),
	(1618, 1732302161, 'cache_hit', 'spatie.permission.cache', NULL),
	(1619, 1732302191, 'user_request', '1', NULL),
	(1620, 1732302191, 'cache_hit', 'spatie.permission.cache', NULL),
	(1621, 1732302254, 'user_request', '3', NULL),
	(1622, 1732302254, 'user_request', '3', NULL),
	(1623, 1732302254, 'cache_hit', 'spatie.permission.cache', NULL),
	(1624, 1732302270, 'user_request', '3', NULL),
	(1625, 1732302270, 'cache_hit', 'spatie.permission.cache', NULL),
	(1626, 1732302274, 'user_request', '3', NULL),
	(1627, 1732302275, 'cache_hit', 'spatie.permission.cache', NULL),
	(1628, 1732302363, 'user_request', '3', NULL),
	(1629, 1732302363, 'cache_hit', 'spatie.permission.cache', NULL),
	(1630, 1732302368, 'user_request', '3', NULL),
	(1631, 1732302368, 'cache_hit', 'spatie.permission.cache', NULL),
	(1632, 1732302373, 'user_request', '3', NULL),
	(1633, 1732302378, 'user_request', '3', NULL),
	(1634, 1732302378, 'cache_hit', 'spatie.permission.cache', NULL),
	(1635, 1732302520, 'user_request', '3', NULL),
	(1636, 1732304093, 'user_request', '1', NULL),
	(1637, 1732304093, 'cache_hit', 'spatie.permission.cache', NULL),
	(1638, 1732304141, 'user_request', '1', NULL),
	(1639, 1732304142, 'user_request', '1', NULL),
	(1640, 1732304351, 'user_request', '1', NULL),
	(1641, 1732304353, 'user_request', '1', NULL),
	(1642, 1732304504, 'user_request', '1', NULL),
	(1643, 1732304511, 'user_request', '1', NULL),
	(1644, 1732304512, 'user_request', '1', NULL),
	(1645, 1732304526, 'user_request', '1', NULL),
	(1646, 1732304526, 'cache_hit', 'spatie.permission.cache', NULL),
	(1647, 1732304533, 'user_request', '1', NULL),
	(1648, 1732304533, 'cache_hit', 'spatie.permission.cache', NULL),
	(1649, 1732304535, 'user_request', '1', NULL),
	(1650, 1732304535, 'cache_hit', 'spatie.permission.cache', NULL),
	(1651, 1732304546, 'user_request', '1', NULL),
	(1652, 1732304546, 'cache_hit', 'spatie.permission.cache', NULL),
	(1653, 1732304572, 'user_request', '1', NULL),
	(1654, 1732304572, 'cache_hit', 'spatie.permission.cache', NULL),
	(1655, 1732304577, 'user_request', '1', NULL),
	(1656, 1732304577, 'cache_hit', 'spatie.permission.cache', NULL),
	(1657, 1732304669, 'user_request', '1', NULL),
	(1658, 1732304670, 'cache_miss', 'spatie.permission.cache', NULL),
	(1659, 1732304676, 'user_request', '1', NULL),
	(1660, 1732304676, 'cache_hit', 'spatie.permission.cache', NULL),
	(1661, 1732304741, 'user_request', '1', NULL),
	(1662, 1732304741, 'cache_hit', 'spatie.permission.cache', NULL),
	(1663, 1732304778, 'user_request', '1', NULL),
	(1664, 1732304778, 'cache_hit', 'spatie.permission.cache', NULL),
	(1665, 1732304781, 'user_request', '1', NULL),
	(1666, 1732304781, 'cache_hit', 'spatie.permission.cache', NULL),
	(1667, 1732304783, 'user_request', '1', NULL),
	(1668, 1732304784, 'cache_hit', 'spatie.permission.cache', NULL),
	(1669, 1732304894, 'user_request', '1', NULL),
	(1670, 1732304894, 'cache_hit', 'spatie.permission.cache', NULL),
	(1671, 1732304900, 'user_request', '1', NULL),
	(1672, 1732304902, 'user_request', '1', NULL),
	(1673, 1732305013, 'user_request', '1', NULL),
	(1674, 1732305013, 'cache_hit', 'spatie.permission.cache', NULL),
	(1675, 1732305059, 'user_request', '1', NULL),
	(1676, 1732305059, 'cache_hit', 'spatie.permission.cache', NULL),
	(1677, 1732305197, 'user_request', '1', NULL),
	(1678, 1732305198, 'cache_hit', 'spatie.permission.cache', NULL),
	(1679, 1732305227, 'user_request', '1', NULL),
	(1680, 1732305228, 'cache_hit', 'spatie.permission.cache', NULL),
	(1681, 1732305244, 'user_request', '1', NULL),
	(1682, 1732305245, 'cache_hit', 'spatie.permission.cache', NULL),
	(1683, 1732305304, 'user_request', '1', NULL),
	(1684, 1732305304, 'cache_hit', 'spatie.permission.cache', NULL),
	(1685, 1732305321, 'user_request', '1', NULL),
	(1686, 1732305321, 'cache_hit', 'spatie.permission.cache', NULL),
	(1687, 1732305326, 'user_request', '1', NULL),
	(1688, 1732305326, 'cache_hit', 'spatie.permission.cache', NULL),
	(1689, 1732305340, 'user_request', '1', NULL),
	(1690, 1732305340, 'cache_hit', 'spatie.permission.cache', NULL),
	(1691, 1732305435, 'user_request', '1', NULL),
	(1692, 1732305435, 'cache_hit', 'spatie.permission.cache', NULL),
	(1693, 1732305442, 'user_request', '1', NULL),
	(1694, 1732305453, 'user_request', '1', NULL),
	(1695, 1732305460, 'user_request', '1', NULL),
	(1696, 1732305483, 'user_request', '1', NULL),
	(1697, 1732305504, 'user_request', '1', NULL),
	(1698, 1732305542, 'user_request', '1', NULL),
	(1699, 1732305542, 'cache_hit', 'spatie.permission.cache', NULL),
	(1700, 1732305582, 'user_request', '1', NULL),
	(1701, 1732305582, 'user_request', '1', NULL),
	(1702, 1732305583, 'cache_hit', 'spatie.permission.cache', NULL),
	(1703, 1732305595, 'user_request', '1', NULL),
	(1704, 1732305596, 'user_request', '1', NULL),
	(1705, 1732305596, 'cache_hit', 'spatie.permission.cache', NULL),
	(1706, 1732305614, 'user_request', '1', NULL),
	(1707, 1732305615, 'user_request', '1', NULL),
	(1708, 1732305615, 'cache_hit', 'spatie.permission.cache', NULL),
	(1709, 1732305620, 'slow_request', '["POST","\\/iniciar","via \\/livewire\\/update"]', 2268),
	(1710, 1732305620, 'slow_user_request', '1', NULL),
	(1711, 1732305620, 'user_request', '1', NULL),
	(1712, 1732305623, 'user_request', '1', NULL),
	(1713, 1732305624, 'cache_hit', 'spatie.permission.cache', NULL),
	(1714, 1732305628, 'user_request', '1', NULL),
	(1715, 1732305630, 'user_request', '1', NULL),
	(1716, 1732305645, 'user_request', '1', NULL),
	(1717, 1732305647, 'user_request', '1', NULL),
	(1718, 1732305648, 'user_request', '1', NULL),
	(1719, 1732305649, 'user_request', '1', NULL),
	(1720, 1732305649, 'cache_hit', 'spatie.permission.cache', NULL),
	(1721, 1732305677, 'user_request', '1', NULL),
	(1722, 1732305677, 'cache_hit', 'spatie.permission.cache', NULL),
	(1723, 1732305680, 'user_request', '1', NULL),
	(1724, 1732305681, 'cache_hit', 'spatie.permission.cache', NULL),
	(1725, 1732305714, 'user_request', '1', NULL),
	(1726, 1732305714, 'cache_hit', 'spatie.permission.cache', NULL),
	(1727, 1732305792, 'user_request', '1', NULL),
	(1728, 1732305793, 'cache_hit', 'spatie.permission.cache', NULL),
	(1729, 1732305795, 'user_request', '1', NULL),
	(1730, 1732305795, 'cache_hit', 'spatie.permission.cache', NULL),
	(1731, 1732305828, 'user_request', '1', NULL),
	(1732, 1732305828, 'cache_hit', 'spatie.permission.cache', NULL),
	(1733, 1732305901, 'user_request', '1', NULL),
	(1734, 1732305901, 'cache_hit', 'spatie.permission.cache', NULL),
	(1735, 1732306106, 'user_request', '1', NULL),
	(1736, 1732306107, 'cache_hit', 'spatie.permission.cache', NULL),
	(1737, 1732306279, 'user_request', '1', NULL),
	(1738, 1732306280, 'cache_hit', 'spatie.permission.cache', NULL),
	(1739, 1732306294, 'user_request', '1', NULL),
	(1740, 1732306294, 'cache_hit', 'spatie.permission.cache', NULL),
	(1741, 1732306301, 'user_request', '1', NULL),
	(1742, 1732306301, 'cache_hit', 'spatie.permission.cache', NULL),
	(1743, 1732307259, 'user_request', '1', NULL),
	(1744, 1732307259, 'cache_hit', 'spatie.permission.cache', NULL),
	(1745, 1732539832, 'user_request', '1', NULL),
	(1746, 1732539833, 'user_request', '1', NULL),
	(1747, 1732539833, 'cache_miss', 'spatie.permission.cache', NULL),
	(1748, 1732541596, 'user_request', '1', NULL),
	(1749, 1732541597, 'cache_hit', 'spatie.permission.cache', NULL),
	(1750, 1732543363, 'user_request', '1', NULL),
	(1751, 1732543364, 'cache_hit', 'spatie.permission.cache', NULL),
	(1752, 1732543372, 'user_request', '1', NULL),
	(1753, 1732543379, 'user_request', '1', NULL),
	(1754, 1732543381, 'user_request', '1', NULL),
	(1755, 1732543422, 'user_request', '1', NULL),
	(1756, 1732543422, 'cache_hit', 'spatie.permission.cache', NULL),
	(1757, 1732543428, 'user_request', '1', NULL),
	(1758, 1732543429, 'user_request', '1', NULL),
	(1759, 1732543475, 'user_request', '1', NULL),
	(1760, 1732543475, 'cache_hit', 'spatie.permission.cache', NULL),
	(1761, 1732543482, 'user_request', '1', NULL),
	(1762, 1732543483, 'user_request', '1', NULL),
	(1763, 1732544145, 'user_request', '1', NULL),
	(1764, 1732544145, 'cache_hit', 'spatie.permission.cache', NULL),
	(1765, 1732544157, 'user_request', '1', NULL),
	(1766, 1732544157, 'cache_hit', 'spatie.permission.cache', NULL),
	(1767, 1732544160, 'user_request', '1', NULL),
	(1768, 1732544161, 'cache_hit', 'spatie.permission.cache', NULL),
	(1769, 1732544165, 'user_request', '1', NULL),
	(1770, 1732544165, 'user_request', '1', NULL),
	(1771, 1732544165, 'cache_hit', 'spatie.permission.cache', NULL),
	(1772, 1732544171, 'user_request', '1', NULL),
	(1773, 1732544171, 'cache_hit', 'spatie.permission.cache', NULL),
	(1774, 1732544184, 'user_request', '1', NULL),
	(1775, 1732544394, 'user_request', '1', NULL),
	(1776, 1732544396, 'user_request', '1', NULL),
	(1777, 1732544396, 'cache_hit', 'spatie.permission.cache', NULL),
	(1778, 1732544404, 'user_request', '1', NULL),
	(1779, 1732544511, 'user_request', '1', NULL),
	(1780, 1732544511, 'cache_hit', 'spatie.permission.cache', NULL),
	(1781, 1732544526, 'user_request', '1', NULL),
	(1782, 1732544526, 'cache_hit', 'spatie.permission.cache', NULL),
	(1783, 1732544530, 'user_request', '1', NULL),
	(1784, 1732544531, 'cache_hit', 'spatie.permission.cache', NULL),
	(1785, 1732544543, 'user_request', '1', NULL),
	(1786, 1732544544, 'user_request', '1', NULL),
	(1787, 1732544555, 'user_request', '1', NULL),
	(1788, 1732544675, 'user_request', '1', NULL),
	(1789, 1732544676, 'cache_hit', 'spatie.permission.cache', NULL),
	(1790, 1732544684, 'user_request', '1', NULL),
	(1791, 1732544686, 'user_request', '1', NULL),
	(1792, 1732544703, 'user_request', '1', NULL),
	(1793, 1732544710, 'user_request', '1', NULL),
	(1794, 1732544710, 'cache_hit', 'spatie.permission.cache', NULL),
	(1795, 1732544719, 'user_request', '1', NULL),
	(1796, 1732544719, 'user_request', '1', NULL),
	(1797, 1732544719, 'cache_hit', 'spatie.permission.cache', NULL),
	(1798, 1732544733, 'user_request', '1', NULL),
	(1799, 1732544737, 'user_request', '1', NULL),
	(1800, 1732544739, 'user_request', '1', NULL),
	(1801, 1732544989, 'user_request', '1', NULL),
	(1802, 1732544990, 'cache_hit', 'spatie.permission.cache', NULL),
	(1803, 1732544992, 'user_request', '1', NULL),
	(1804, 1732544993, 'cache_hit', 'spatie.permission.cache', NULL),
	(1805, 1732545020, 'user_request', '1', NULL),
	(1806, 1732545020, 'cache_hit', 'spatie.permission.cache', NULL),
	(1807, 1732545050, 'user_request', '1', NULL),
	(1808, 1732545051, 'cache_hit', 'spatie.permission.cache', NULL),
	(1809, 1732545063, 'user_request', '1', NULL),
	(1810, 1732545064, 'user_request', '1', NULL),
	(1811, 1732545069, 'user_request', '1', NULL),
	(1812, 1732545069, 'cache_hit', 'spatie.permission.cache', NULL),
	(1813, 1732545073, 'user_request', '1', NULL),
	(1814, 1732545074, 'user_request', '1', NULL),
	(1815, 1732545074, 'cache_hit', 'spatie.permission.cache', NULL),
	(1816, 1732545087, 'user_request', '1', NULL),
	(1817, 1732545089, 'user_request', '1', NULL),
	(1818, 1732545104, 'user_request', '1', NULL),
	(1819, 1732545104, 'cache_hit', 'spatie.permission.cache', NULL),
	(1820, 1732545112, 'user_request', '1', NULL),
	(1821, 1732545114, 'user_request', '1', NULL),
	(1822, 1732545125, 'user_request', '1', NULL),
	(1823, 1732545371, 'user_request', '1', NULL),
	(1824, 1732545371, 'cache_hit', 'spatie.permission.cache', NULL),
	(1825, 1732545379, 'user_request', '1', NULL),
	(1826, 1732545926, 'user_request', '1', NULL),
	(1827, 1732545926, 'cache_hit', 'spatie.permission.cache', NULL),
	(1828, 1732545934, 'slow_request', '["POST","\\/iniciar","via \\/livewire\\/update"]', 1908),
	(1829, 1732545934, 'slow_user_request', '1', NULL),
	(1830, 1732545934, 'user_request', '1', NULL),
	(1831, 1732545934, 'exception', '["Livewire\\\\Exceptions\\\\PropertyNotFoundException","app\\\\Livewire\\\\Iniciar.php:60"]', 1732545934),
	(1832, 1732545965, 'user_request', '1', NULL),
	(1833, 1732545965, 'cache_hit', 'spatie.permission.cache', NULL),
	(1834, 1732545972, 'user_request', '1', NULL),
	(1835, 1732545975, 'user_request', '1', NULL),
	(1836, 1732546477, 'user_request', '1', NULL),
	(1837, 1732546477, 'cache_hit', 'spatie.permission.cache', NULL),
	(1838, 1732546505, 'user_request', '1', NULL),
	(1839, 1732546505, 'cache_hit', 'spatie.permission.cache', NULL),
	(1840, 1732546681, 'user_request', '1', NULL),
	(1841, 1732546681, 'cache_hit', 'spatie.permission.cache', NULL),
	(1842, 1732546726, 'user_request', '1', NULL),
	(1843, 1732546726, 'cache_hit', 'spatie.permission.cache', NULL),
	(1844, 1732546730, 'user_request', '1', NULL),
	(1845, 1732546730, 'cache_hit', 'spatie.permission.cache', NULL),
	(1846, 1732546742, 'user_request', '1', NULL),
	(1847, 1732546742, 'cache_hit', 'spatie.permission.cache', NULL),
	(1848, 1732546745, 'user_request', '1', NULL),
	(1849, 1732546746, 'cache_hit', 'spatie.permission.cache', NULL),
	(1850, 1732546945, 'user_request', '1', NULL),
	(1851, 1732546946, 'exception', '["ErrorException","resources\\\\views\\\\livewire\\\\iniciarems.blade.php:61"]', 1732546946),
	(1852, 1732546973, 'user_request', '1', NULL),
	(1853, 1732546973, 'cache_hit', 'spatie.permission.cache', NULL),
	(1854, 1732546977, 'user_request', '1', NULL),
	(1855, 1732546977, 'cache_hit', 'spatie.permission.cache', NULL),
	(1856, 1732547000, 'user_request', '1', NULL),
	(1857, 1732547001, 'cache_hit', 'spatie.permission.cache', NULL),
	(1858, 1732547010, 'user_request', '1', NULL),
	(1859, 1732547012, 'user_request', '1', NULL),
	(1860, 1732547014, 'user_request', '1', NULL),
	(1861, 1732547015, 'cache_hit', 'spatie.permission.cache', NULL),
	(1862, 1732547022, 'user_request', '1', NULL),
	(1863, 1732547024, 'user_request', '1', NULL),
	(1864, 1732547835, 'user_request', '1', NULL),
	(1865, 1732547835, 'cache_hit', 'spatie.permission.cache', NULL),
	(1866, 1732547840, 'user_request', '1', NULL),
	(1867, 1732547840, 'cache_hit', 'spatie.permission.cache', NULL),
	(1868, 1732547960, 'user_request', '1', NULL),
	(1869, 1732547960, 'cache_hit', 'spatie.permission.cache', NULL),
	(1870, 1732548023, 'user_request', '1', NULL),
	(1871, 1732548023, 'cache_hit', 'spatie.permission.cache', NULL),
	(1872, 1732548032, 'user_request', '1', NULL),
	(1873, 1732548033, 'cache_hit', 'spatie.permission.cache', NULL),
	(1874, 1732548055, 'user_request', '1', NULL),
	(1875, 1732548055, 'cache_hit', 'spatie.permission.cache', NULL),
	(1876, 1732548096, 'user_request', '1', NULL),
	(1877, 1732548097, 'cache_hit', 'spatie.permission.cache', NULL),
	(1878, 1732548101, 'user_request', '1', NULL),
	(1879, 1732548102, 'cache_hit', 'spatie.permission.cache', NULL),
	(1880, 1732548203, 'user_request', '1', NULL),
	(1881, 1732548203, 'cache_hit', 'spatie.permission.cache', NULL),
	(1882, 1732548240, 'user_request', '1', NULL),
	(1883, 1732548240, 'cache_hit', 'spatie.permission.cache', NULL),
	(1884, 1732548245, 'user_request', '1', NULL),
	(1885, 1732548287, 'user_request', '1', NULL),
	(1886, 1732548287, 'cache_hit', 'spatie.permission.cache', NULL),
	(1887, 1732548400, 'user_request', '1', NULL),
	(1888, 1732548401, 'cache_hit', 'spatie.permission.cache', NULL),
	(1889, 1732548404, 'user_request', '1', NULL),
	(1890, 1732548404, 'cache_hit', 'spatie.permission.cache', NULL),
	(1891, 1732548410, 'user_request', '1', NULL),
	(1892, 1732548410, 'cache_hit', 'spatie.permission.cache', NULL),
	(1893, 1732548411, 'user_request', '1', NULL),
	(1894, 1732548411, 'cache_miss', 'spatie.permission.cache', NULL),
	(1895, 1732548418, 'user_request', '1', NULL),
	(1896, 1732548418, 'cache_hit', 'spatie.permission.cache', NULL),
	(1897, 1732548427, 'user_request', '1', NULL),
	(1898, 1732548428, 'cache_hit', 'spatie.permission.cache', NULL),
	(1899, 1732548428, 'user_request', '1', NULL),
	(1900, 1732548428, 'cache_miss', 'spatie.permission.cache', NULL),
	(1901, 1732548432, 'user_request', '1', NULL),
	(1902, 1732548433, 'cache_hit', 'spatie.permission.cache', NULL),
	(1903, 1732548438, 'user_request', '1', NULL),
	(1904, 1732548438, 'cache_hit', 'spatie.permission.cache', NULL),
	(1905, 1732548438, 'user_request', '1', NULL),
	(1906, 1732548439, 'cache_miss', 'spatie.permission.cache', NULL),
	(1907, 1732548475, 'user_request', '1', NULL),
	(1908, 1732548475, 'cache_hit', 'spatie.permission.cache', NULL),
	(1909, 1732548478, 'user_request', '1', NULL),
	(1910, 1732548478, 'cache_hit', 'spatie.permission.cache', NULL),
	(1911, 1732548481, 'user_request', '1', NULL),
	(1912, 1732548481, 'cache_hit', 'spatie.permission.cache', NULL),
	(1913, 1732548484, 'user_request', '1', NULL),
	(1914, 1732548484, 'cache_hit', 'spatie.permission.cache', NULL),
	(1915, 1732548489, 'user_request', '1', NULL),
	(1916, 1732548489, 'cache_hit', 'spatie.permission.cache', NULL),
	(1917, 1732548493, 'user_request', '1', NULL),
	(1918, 1732548493, 'cache_hit', 'spatie.permission.cache', NULL),
	(1919, 1732548504, 'user_request', '1', NULL),
	(1920, 1732548504, 'cache_hit', 'spatie.permission.cache', NULL),
	(1921, 1732548509, 'user_request', '1', NULL),
	(1922, 1732548509, 'cache_hit', 'spatie.permission.cache', NULL),
	(1923, 1732548512, 'user_request', '1', NULL),
	(1924, 1732548513, 'cache_hit', 'spatie.permission.cache', NULL),
	(1925, 1732548518, 'user_request', '1', NULL),
	(1926, 1732548519, 'user_request', '1', NULL),
	(1927, 1732548519, 'cache_miss', 'spatie.permission.cache', NULL),
	(1928, 1732548521, 'user_request', '1', NULL),
	(1929, 1732548521, 'cache_hit', 'spatie.permission.cache', NULL),
	(1930, 1732548526, 'user_request', '1', NULL),
	(1931, 1732548527, 'user_request', '1', NULL),
	(1932, 1732548527, 'cache_miss', 'spatie.permission.cache', NULL),
	(1933, 1732548529, 'user_request', '1', NULL),
	(1934, 1732548529, 'cache_hit', 'spatie.permission.cache', NULL),
	(1935, 1732548533, 'user_request', '1', NULL),
	(1936, 1732548533, 'user_request', '1', NULL),
	(1937, 1732548534, 'cache_miss', 'spatie.permission.cache', NULL),
	(1938, 1732548539, 'user_request', '1', NULL),
	(1939, 1732548539, 'cache_hit', 'spatie.permission.cache', NULL),
	(1940, 1732548541, 'user_request', '1', NULL),
	(1941, 1732548541, 'cache_hit', 'spatie.permission.cache', NULL),
	(1942, 1732548549, 'user_request', '1', NULL),
	(1943, 1732548549, 'cache_hit', 'spatie.permission.cache', NULL),
	(1944, 1732548559, 'user_request', '1', NULL),
	(1945, 1732548559, 'cache_hit', 'spatie.permission.cache', NULL),
	(1946, 1732548567, 'user_request', '1', NULL),
	(1947, 1732548567, 'user_request', '1', NULL),
	(1948, 1732548567, 'cache_hit', 'spatie.permission.cache', NULL),
	(1949, 1732548582, 'user_request', '1', NULL),
	(1950, 1732548583, 'cache_hit', 'spatie.permission.cache', NULL),
	(1951, 1732548589, 'user_request', '1', NULL),
	(1952, 1732548589, 'user_request', '1', NULL),
	(1953, 1732548590, 'cache_hit', 'spatie.permission.cache', NULL),
	(1954, 1732548598, 'user_request', '1', NULL),
	(1955, 1732548598, 'cache_hit', 'spatie.permission.cache', NULL),
	(1956, 1732548605, 'user_request', '1', NULL),
	(1957, 1732548606, 'user_request', '1', NULL),
	(1958, 1732548606, 'cache_hit', 'spatie.permission.cache', NULL),
	(1959, 1732548651, 'user_request', '1', NULL),
	(1960, 1732548652, 'cache_hit', 'spatie.permission.cache', NULL),
	(1961, 1732548656, 'user_request', '1', NULL),
	(1962, 1732548656, 'cache_hit', 'spatie.permission.cache', NULL),
	(1963, 1732548661, 'user_request', '1', NULL),
	(1964, 1732548661, 'user_request', '1', NULL),
	(1965, 1732548662, 'cache_hit', 'spatie.permission.cache', NULL),
	(1966, 1732548664, 'user_request', '1', NULL),
	(1967, 1732548664, 'cache_hit', 'spatie.permission.cache', NULL),
	(1968, 1732548670, 'user_request', '1', NULL),
	(1969, 1732548670, 'user_request', '1', NULL),
	(1970, 1732548670, 'cache_hit', 'spatie.permission.cache', NULL),
	(1971, 1732548673, 'user_request', '1', NULL),
	(1972, 1732548673, 'cache_hit', 'spatie.permission.cache', NULL),
	(1973, 1732548679, 'user_request', '1', NULL),
	(1974, 1732548679, 'user_request', '1', NULL),
	(1975, 1732548679, 'cache_hit', 'spatie.permission.cache', NULL),
	(1976, 1732548698, 'user_request', '1', NULL),
	(1977, 1732548698, 'cache_hit', 'spatie.permission.cache', NULL),
	(1978, 1732548835, 'user_request', '1', NULL),
	(1979, 1732548836, 'cache_hit', 'spatie.permission.cache', NULL),
	(1980, 1732548857, 'user_request', '1', NULL),
	(1981, 1732548857, 'cache_miss', 'spatie.permission.cache', NULL),
	(1982, 1732548863, 'user_request', '1', NULL),
	(1983, 1732548863, 'cache_hit', 'spatie.permission.cache', NULL),
	(1984, 1732548869, 'user_request', '1', NULL),
	(1985, 1732548871, 'user_request', '1', NULL),
	(1986, 1732548878, 'user_request', '1', NULL),
	(1987, 1732548880, 'user_request', '1', NULL),
	(1988, 1732548932, 'user_request', '1', NULL),
	(1989, 1732548932, 'cache_hit', 'spatie.permission.cache', NULL),
	(1990, 1732548934, 'user_request', '1', NULL),
	(1991, 1732548934, 'cache_hit', 'spatie.permission.cache', NULL),
	(1992, 1732548938, 'user_request', '1', NULL),
	(1993, 1732548938, 'cache_hit', 'spatie.permission.cache', NULL),
	(1994, 1732548944, 'user_request', '1', NULL),
	(1995, 1732548946, 'user_request', '1', NULL),
	(1996, 1732548952, 'user_request', '1', NULL),
	(1997, 1732548952, 'cache_hit', 'spatie.permission.cache', NULL),
	(1998, 1732548972, 'user_request', '1', NULL),
	(1999, 1732548975, 'user_request', '1', NULL),
	(2000, 1732549053, 'user_request', '1', NULL),
	(2001, 1732549053, 'cache_hit', 'spatie.permission.cache', NULL),
	(2002, 1732549083, 'user_request', '1', NULL),
	(2003, 1732549083, 'cache_hit', 'spatie.permission.cache', NULL),
	(2004, 1732549091, 'user_request', '1', NULL),
	(2005, 1732549092, 'cache_hit', 'spatie.permission.cache', NULL),
	(2006, 1732549100, 'user_request', '1', NULL),
	(2007, 1732549180, 'user_request', '1', NULL),
	(2008, 1732549181, 'cache_hit', 'spatie.permission.cache', NULL),
	(2009, 1732549189, 'user_request', '1', NULL),
	(2010, 1732549191, 'user_request', '1', NULL),
	(2011, 1732549359, 'user_request', '1', NULL),
	(2012, 1732549360, 'cache_hit', 'spatie.permission.cache', NULL),
	(2013, 1732549380, 'user_request', '1', NULL),
	(2014, 1732549380, 'cache_hit', 'spatie.permission.cache', NULL),
	(2015, 1732549390, 'user_request', '1', NULL),
	(2016, 1732549392, 'user_request', '1', NULL),
	(2017, 1732549394, 'user_request', '1', NULL),
	(2018, 1732549394, 'cache_hit', 'spatie.permission.cache', NULL),
	(2019, 1732549411, 'user_request', '1', NULL),
	(2020, 1732549411, 'cache_hit', 'spatie.permission.cache', NULL),
	(2021, 1732549418, 'user_request', '1', NULL),
	(2022, 1732549560, 'user_request', '1', NULL),
	(2023, 1732549560, 'cache_hit', 'spatie.permission.cache', NULL),
	(2024, 1732549567, 'user_request', '1', NULL),
	(2025, 1732549569, 'user_request', '1', NULL),
	(2026, 1732549577, 'user_request', '1', NULL),
	(2027, 1732549577, 'cache_hit', 'spatie.permission.cache', NULL),
	(2028, 1732549601, 'user_request', '1', NULL),
	(2029, 1732549601, 'cache_hit', 'spatie.permission.cache', NULL),
	(2030, 1732549603, 'user_request', '1', NULL),
	(2031, 1732549604, 'cache_hit', 'spatie.permission.cache', NULL),
	(2032, 1732549612, 'user_request', '1', NULL),
	(2033, 1732627724, 'user_request', '1', NULL),
	(2034, 1732627725, 'user_request', '1', NULL),
	(2035, 1732627725, 'cache_hit', 'spatie.permission.cache', NULL),
	(2036, 1732627738, 'user_request', '1', NULL),
	(2037, 1732627738, 'cache_hit', 'spatie.permission.cache', NULL),
	(2038, 1732627746, 'user_request', '1', NULL),
	(2039, 1732627748, 'user_request', '1', NULL),
	(2040, 1732627748, 'user_request', '1', NULL),
	(2041, 1732627749, 'user_request', '1', NULL),
	(2042, 1732627749, 'user_request', '1', NULL),
	(2043, 1732627749, 'user_request', '1', NULL),
	(2044, 1732627750, 'user_request', '1', NULL),
	(2045, 1732627750, 'user_request', '1', NULL),
	(2046, 1732627752, 'user_request', '1', NULL),
	(2047, 1732627753, 'user_request', '1', NULL),
	(2048, 1732627753, 'user_request', '1', NULL),
	(2049, 1732627753, 'user_request', '1', NULL),
	(2050, 1732627754, 'user_request', '1', NULL),
	(2051, 1732627754, 'user_request', '1', NULL),
	(2052, 1732627754, 'user_request', '1', NULL),
	(2053, 1732627755, 'user_request', '1', NULL),
	(2054, 1732627755, 'user_request', '1', NULL),
	(2055, 1732627755, 'user_request', '1', NULL),
	(2056, 1732627757, 'user_request', '1', NULL),
	(2057, 1732627757, 'user_request', '1', NULL),
	(2058, 1732627757, 'user_request', '1', NULL),
	(2059, 1732627758, 'user_request', '1', NULL),
	(2060, 1732627758, 'user_request', '1', NULL),
	(2061, 1732627758, 'user_request', '1', NULL),
	(2062, 1732627888, 'user_request', '1', NULL),
	(2063, 1732627888, 'cache_hit', 'spatie.permission.cache', NULL),
	(2064, 1732627896, 'user_request', '1', NULL),
	(2065, 1732627899, 'user_request', '1', NULL),
	(2066, 1732627900, 'cache_hit', 'spatie.permission.cache', NULL),
	(2067, 1732628074, 'user_request', '1', NULL),
	(2068, 1732628074, 'cache_hit', 'spatie.permission.cache', NULL),
	(2069, 1732628084, 'user_request', '1', NULL),
	(2070, 1732628087, 'user_request', '1', NULL),
	(2071, 1732628259, 'user_request', '1', NULL),
	(2072, 1732628259, 'cache_hit', 'spatie.permission.cache', NULL),
	(2073, 1732628270, 'user_request', '1', NULL),
	(2074, 1732628270, 'cache_hit', 'spatie.permission.cache', NULL),
	(2075, 1732628296, 'user_request', '1', NULL),
	(2076, 1732628297, 'cache_hit', 'spatie.permission.cache', NULL),
	(2077, 1732628318, 'user_request', '1', NULL),
	(2078, 1732628318, 'cache_hit', 'spatie.permission.cache', NULL),
	(2079, 1732628327, 'user_request', '1', NULL),
	(2080, 1732628333, 'user_request', '1', NULL),
	(2081, 1732628334, 'user_request', '1', NULL),
	(2082, 1732628369, 'user_request', '1', NULL),
	(2083, 1732628369, 'cache_hit', 'spatie.permission.cache', NULL),
	(2084, 1732628379, 'user_request', '1', NULL),
	(2085, 1732628462, 'user_request', '1', NULL),
	(2086, 1732628463, 'cache_hit', 'spatie.permission.cache', NULL),
	(2087, 1732628477, 'user_request', '1', NULL),
	(2088, 1732628478, 'cache_hit', 'spatie.permission.cache', NULL),
	(2089, 1732628487, 'user_request', '1', NULL),
	(2090, 1732628532, 'user_request', '1', NULL),
	(2091, 1732628533, 'cache_hit', 'spatie.permission.cache', NULL),
	(2092, 1732628543, 'user_request', '1', NULL),
	(2093, 1732628544, 'user_request', '1', NULL),
	(2094, 1732628551, 'user_request', '1', NULL),
	(2095, 1732628554, 'user_request', '1', NULL),
	(2096, 1732628554, 'cache_hit', 'spatie.permission.cache', NULL),
	(2097, 1732628560, 'user_request', '1', NULL),
	(2098, 1732628561, 'user_request', '1', NULL),
	(2099, 1732628561, 'cache_hit', 'spatie.permission.cache', NULL),
	(2100, 1732628572, 'user_request', '1', NULL),
	(2101, 1732628573, 'user_request', '1', NULL),
	(2102, 1732628573, 'cache_hit', 'spatie.permission.cache', NULL),
	(2103, 1732628577, 'user_request', '1', NULL),
	(2104, 1732628577, 'user_request', '1', NULL),
	(2105, 1732628577, 'cache_hit', 'spatie.permission.cache', NULL),
	(2106, 1732628580, 'user_request', '1', NULL),
	(2107, 1732628581, 'user_request', '1', NULL),
	(2108, 1732628581, 'cache_hit', 'spatie.permission.cache', NULL),
	(2109, 1732628585, 'slow_request', '["POST","\\/iniciar","via \\/livewire\\/update"]', 2531),
	(2110, 1732628585, 'slow_user_request', '1', NULL),
	(2111, 1732628585, 'user_request', '1', NULL),
	(2112, 1732628594, 'user_request', '1', NULL),
	(2113, 1732628596, 'user_request', '1', NULL),
	(2114, 1732628603, 'user_request', '1', NULL),
	(2115, 1732628757, 'slow_request', '["POST","\\/iniciar","via \\/livewire\\/update"]', 2578),
	(2116, 1732628757, 'slow_user_request', '1', NULL),
	(2117, 1732628757, 'user_request', '1', NULL),
	(2118, 1732628760, 'user_request', '1', NULL),
	(2119, 1732628761, 'user_request', '1', NULL),
	(2120, 1732629534, 'user_request', '1', NULL),
	(2121, 1732629534, 'cache_hit', 'spatie.permission.cache', NULL),
	(2122, 1732629933, 'user_request', '1', NULL),
	(2123, 1732629933, 'cache_hit', 'spatie.permission.cache', NULL),
	(2124, 1732629946, 'user_request', '1', NULL),
	(2125, 1732629946, 'cache_hit', 'spatie.permission.cache', NULL),
	(2126, 1732630728, 'user_request', '1', NULL),
	(2127, 1732630729, 'user_request', '1', NULL),
	(2128, 1732630984, 'user_request', '1', NULL),
	(2129, 1732630984, 'cache_hit', 'spatie.permission.cache', NULL),
	(2130, 1732630994, 'user_request', '1', NULL),
	(2131, 1732631009, 'user_request', '1', NULL),
	(2132, 1732631009, 'cache_hit', 'spatie.permission.cache', NULL),
	(2133, 1732631013, 'user_request', '1', NULL),
	(2134, 1732631013, 'cache_hit', 'spatie.permission.cache', NULL),
	(2135, 1732631020, 'user_request', '1', NULL),
	(2136, 1732631021, 'user_request', '1', NULL),
	(2137, 1732631021, 'cache_hit', 'spatie.permission.cache', NULL),
	(2138, 1732631024, 'user_request', '1', NULL),
	(2139, 1732631024, 'cache_hit', 'spatie.permission.cache', NULL),
	(2140, 1732631060, 'user_request', '1', NULL),
	(2141, 1732631061, 'cache_hit', 'spatie.permission.cache', NULL),
	(2142, 1732631076, 'user_request', '1', NULL),
	(2143, 1732631078, 'user_request', '1', NULL),
	(2144, 1732631094, 'user_request', '1', NULL),
	(2145, 1732632017, 'user_request', '1', NULL),
	(2146, 1732632017, 'cache_hit', 'spatie.permission.cache', NULL),
	(2147, 1732632025, 'user_request', '1', NULL),
	(2148, 1732632039, 'user_request', '1', NULL),
	(2149, 1732632039, 'cache_hit', 'spatie.permission.cache', NULL),
	(2150, 1732632042, 'user_request', '1', NULL),
	(2151, 1732632042, 'cache_hit', 'spatie.permission.cache', NULL),
	(2152, 1732632060, 'user_request', '1', NULL),
	(2153, 1732632061, 'cache_hit', 'spatie.permission.cache', NULL),
	(2154, 1732632127, 'user_request', '1', NULL),
	(2155, 1732632127, 'cache_hit', 'spatie.permission.cache', NULL),
	(2156, 1732632136, 'user_request', '1', NULL),
	(2157, 1732632144, 'user_request', '1', NULL),
	(2158, 1732632856, 'user_request', '1', NULL),
	(2159, 1732632856, 'cache_hit', 'spatie.permission.cache', NULL),
	(2160, 1732632866, 'user_request', '1', NULL),
	(2161, 1732632872, 'user_request', '1', NULL),
	(2162, 1732632873, 'cache_hit', 'spatie.permission.cache', NULL),
	(2163, 1732632874, 'user_request', '1', NULL),
	(2164, 1732632874, 'cache_hit', 'spatie.permission.cache', NULL),
	(2165, 1732632883, 'user_request', '1', NULL),
	(2166, 1732632885, 'user_request', '1', NULL),
	(2167, 1732632885, 'cache_hit', 'spatie.permission.cache', NULL),
	(2168, 1732632893, 'user_request', '1', NULL),
	(2169, 1732632925, 'user_request', '1', NULL),
	(2170, 1732632925, 'cache_hit', 'spatie.permission.cache', NULL),
	(2171, 1732632931, 'user_request', '1', NULL),
	(2172, 1732632937, 'user_request', '1', NULL),
	(2173, 1732632938, 'user_request', '1', NULL),
	(2174, 1732632938, 'cache_hit', 'spatie.permission.cache', NULL),
	(2175, 1732632946, 'user_request', '1', NULL),
	(2176, 1732632946, 'cache_hit', 'spatie.permission.cache', NULL),
	(2177, 1732632950, 'user_request', '1', NULL),
	(2178, 1732632950, 'cache_hit', 'spatie.permission.cache', NULL),
	(2179, 1732632956, 'user_request', '1', NULL),
	(2180, 1732632960, 'user_request', '1', NULL),
	(2181, 1732634034, 'user_request', '1', NULL),
	(2182, 1732634035, 'cache_hit', 'spatie.permission.cache', NULL),
	(2183, 1732634042, 'user_request', '1', NULL),
	(2184, 1732634050, 'user_request', '1', NULL),
	(2185, 1732634052, 'user_request', '1', NULL),
	(2186, 1732634065, 'user_request', '1', NULL),
	(2187, 1732634066, 'cache_hit', 'spatie.permission.cache', NULL),
	(2188, 1732634102, 'user_request', '1', NULL),
	(2189, 1732634102, 'cache_hit', 'spatie.permission.cache', NULL),
	(2190, 1732634110, 'user_request', '1', NULL),
	(2191, 1732634110, 'cache_hit', 'spatie.permission.cache', NULL),
	(2192, 1732634116, 'user_request', '1', NULL),
	(2193, 1732634116, 'cache_hit', 'spatie.permission.cache', NULL),
	(2194, 1732634124, 'user_request', '1', NULL),
	(2195, 1732634126, 'user_request', '1', NULL),
	(2196, 1732634128, 'user_request', '1', NULL),
	(2197, 1732634128, 'cache_hit', 'spatie.permission.cache', NULL),
	(2198, 1732634163, 'user_request', '1', NULL),
	(2199, 1732634163, 'cache_hit', 'spatie.permission.cache', NULL),
	(2200, 1732634191, 'user_request', '1', NULL),
	(2201, 1732634191, 'cache_hit', 'spatie.permission.cache', NULL),
	(2202, 1732634205, 'user_request', '1', NULL),
	(2203, 1732634205, 'cache_hit', 'spatie.permission.cache', NULL),
	(2204, 1732634212, 'user_request', '1', NULL),
	(2205, 1732634214, 'user_request', '1', NULL),
	(2206, 1732634217, 'user_request', '1', NULL),
	(2207, 1732634217, 'cache_hit', 'spatie.permission.cache', NULL),
	(2208, 1732634225, 'user_request', '1', NULL),
	(2209, 1732634226, 'user_request', '1', NULL),
	(2210, 1732634256, 'user_request', '1', NULL),
	(2211, 1732634256, 'cache_hit', 'spatie.permission.cache', NULL),
	(2212, 1732634257, 'user_request', '1', NULL),
	(2213, 1732634258, 'cache_hit', 'spatie.permission.cache', NULL),
	(2214, 1732634264, 'user_request', '1', NULL),
	(2215, 1732634266, 'user_request', '1', NULL),
	(2216, 1732634639, 'user_request', '1', NULL),
	(2217, 1732634639, 'cache_hit', 'spatie.permission.cache', NULL),
	(2218, 1732634705, 'user_request', '1', NULL),
	(2219, 1732634705, 'cache_hit', 'spatie.permission.cache', NULL),
	(2220, 1732634709, 'user_request', '1', NULL),
	(2221, 1732634709, 'cache_hit', 'spatie.permission.cache', NULL),
	(2222, 1732634713, 'user_request', '1', NULL),
	(2223, 1732634714, 'user_request', '1', NULL),
	(2224, 1732634714, 'cache_hit', 'spatie.permission.cache', NULL),
	(2225, 1732634718, 'user_request', '1', NULL),
	(2226, 1732634718, 'cache_hit', 'spatie.permission.cache', NULL),
	(2227, 1732634723, 'user_request', '1', NULL),
	(2228, 1732634723, 'cache_hit', 'spatie.permission.cache', NULL),
	(2229, 1732634730, 'user_request', '1', NULL),
	(2230, 1732634732, 'user_request', '1', NULL),
	(2231, 1732634734, 'user_request', '1', NULL),
	(2232, 1732634735, 'cache_hit', 'spatie.permission.cache', NULL),
	(2233, 1732634738, 'user_request', '1', NULL),
	(2234, 1732634738, 'cache_hit', 'spatie.permission.cache', NULL),
	(2235, 1732634742, 'user_request', '1', NULL),
	(2236, 1732634743, 'cache_hit', 'spatie.permission.cache', NULL),
	(2237, 1732634749, 'user_request', '1', NULL),
	(2238, 1732634751, 'user_request', '1', NULL),
	(2239, 1732634783, 'user_request', '1', NULL),
	(2240, 1732634783, 'cache_hit', 'spatie.permission.cache', NULL),
	(2241, 1732634791, 'user_request', '1', NULL),
	(2242, 1732634792, 'user_request', '1', NULL),
	(2243, 1732634796, 'user_request', '1', NULL),
	(2244, 1732634797, 'cache_hit', 'spatie.permission.cache', NULL),
	(2245, 1732634803, 'user_request', '1', NULL),
	(2246, 1732634805, 'user_request', '1', NULL),
	(2247, 1732634806, 'user_request', '1', NULL),
	(2248, 1732634806, 'cache_hit', 'spatie.permission.cache', NULL),
	(2249, 1732634838, 'user_request', '1', NULL),
	(2250, 1732634838, 'cache_hit', 'spatie.permission.cache', NULL),
	(2251, 1732634840, 'user_request', '1', NULL),
	(2252, 1732634840, 'cache_hit', 'spatie.permission.cache', NULL),
	(2253, 1732634847, 'user_request', '1', NULL),
	(2254, 1732636404, 'user_request', '1', NULL),
	(2255, 1732636404, 'cache_miss', 'spatie.permission.cache', NULL),
	(2256, 1732636472, 'user_request', '1', NULL),
	(2257, 1732636472, 'cache_hit', 'spatie.permission.cache', NULL),
	(2258, 1732636638, 'user_request', '1', NULL),
	(2259, 1732636638, 'cache_hit', 'spatie.permission.cache', NULL),
	(2260, 1732636675, 'user_request', '1', NULL),
	(2261, 1732636675, 'cache_hit', 'spatie.permission.cache', NULL),
	(2262, 1732636797, 'user_request', '1', NULL),
	(2263, 1732636798, 'cache_hit', 'spatie.permission.cache', NULL),
	(2264, 1732636802, 'user_request', '1', NULL),
	(2265, 1732636802, 'cache_hit', 'spatie.permission.cache', NULL),
	(2266, 1732636864, 'user_request', '1', NULL),
	(2267, 1732636865, 'cache_hit', 'spatie.permission.cache', NULL),
	(2268, 1732636873, 'user_request', '1', NULL),
	(2269, 1732636876, 'user_request', '1', NULL),
	(2270, 1732636892, 'user_request', '1', NULL),
	(2271, 1732636892, 'cache_hit', 'spatie.permission.cache', NULL),
	(2272, 1732636898, 'user_request', '1', NULL),
	(2273, 1732636898, 'cache_hit', 'spatie.permission.cache', NULL),
	(2274, 1732636931, 'user_request', '1', NULL),
	(2275, 1732636931, 'cache_hit', 'spatie.permission.cache', NULL),
	(2276, 1732636934, 'user_request', '1', NULL),
	(2277, 1732636934, 'cache_hit', 'spatie.permission.cache', NULL),
	(2278, 1732637081, 'slow_request', '["GET","\\/sacas\\/crear\\/{id}","App\\\\Http\\\\Controllers\\\\SacaController@crear"]', 2210),
	(2279, 1732637081, 'slow_user_request', '1', NULL),
	(2280, 1732637081, 'user_request', '1', NULL),
	(2281, 1732637081, 'exception', '["ErrorException","resources\\\\views\\\\sacas\\\\crear.blade.php:33"]', 1732637081),
	(2282, 1732637161, 'user_request', '1', NULL),
	(2283, 1732637161, 'cache_hit', 'spatie.permission.cache', NULL),
	(2284, 1732637163, 'user_request', '1', NULL),
	(2285, 1732637163, 'cache_hit', 'spatie.permission.cache', NULL),
	(2286, 1732637166, 'user_request', '1', NULL),
	(2287, 1732637166, 'cache_hit', 'spatie.permission.cache', NULL),
	(2288, 1732637169, 'user_request', '1', NULL),
	(2289, 1732637170, 'cache_hit', 'spatie.permission.cache', NULL),
	(2290, 1732637343, 'user_request', '1', NULL),
	(2291, 1732637343, 'cache_hit', 'spatie.permission.cache', NULL),
	(2292, 1732637349, 'user_request', '1', NULL),
	(2293, 1732637349, 'user_request', '1', NULL),
	(2294, 1732637350, 'cache_hit', 'spatie.permission.cache', NULL),
	(2295, 1732637362, 'user_request', '1', NULL),
	(2296, 1732637362, 'cache_hit', 'spatie.permission.cache', NULL),
	(2297, 1732637379, 'user_request', '1', NULL),
	(2298, 1732637382, 'user_request', '1', NULL),
	(2299, 1732637447, 'user_request', '1', NULL),
	(2300, 1732637447, 'cache_hit', 'spatie.permission.cache', NULL),
	(2301, 1732637480, 'user_request', '1', NULL),
	(2302, 1732637481, 'cache_hit', 'spatie.permission.cache', NULL),
	(2303, 1732637489, 'user_request', '1', NULL),
	(2304, 1732637490, 'cache_hit', 'spatie.permission.cache', NULL),
	(2305, 1732637546, 'user_request', '1', NULL),
	(2306, 1732637547, 'user_request', '1', NULL),
	(2307, 1732637547, 'cache_hit', 'spatie.permission.cache', NULL),
	(2308, 1732637557, 'user_request', '1', NULL),
	(2309, 1732637557, 'user_request', '1', NULL),
	(2310, 1732637558, 'cache_hit', 'spatie.permission.cache', NULL),
	(2311, 1732637562, 'user_request', '1', NULL),
	(2312, 1732637562, 'cache_hit', 'spatie.permission.cache', NULL),
	(2313, 1732637576, 'user_request', '1', NULL),
	(2314, 1732637576, 'cache_hit', 'spatie.permission.cache', NULL),
	(2315, 1732637581, 'user_request', '1', NULL),
	(2316, 1732637581, 'cache_hit', 'spatie.permission.cache', NULL),
	(2317, 1732637612, 'slow_request', '["POST","\\/iniciarems","via \\/livewire\\/update"]', 2561),
	(2318, 1732637612, 'slow_user_request', '1', NULL),
	(2319, 1732637612, 'user_request', '1', NULL),
	(2320, 1732637700, 'user_request', '1', NULL),
	(2321, 1732637700, 'cache_hit', 'spatie.permission.cache', NULL),
	(2322, 1732637708, 'user_request', '1', NULL),
	(2323, 1732637708, 'cache_hit', 'spatie.permission.cache', NULL),
	(2324, 1732637762, 'user_request', '1', NULL),
	(2325, 1732637762, 'user_request', '1', NULL),
	(2326, 1732637763, 'cache_hit', 'spatie.permission.cache', NULL),
	(2327, 1732637767, 'user_request', '1', NULL),
	(2328, 1732637767, 'cache_hit', 'spatie.permission.cache', NULL),
	(2329, 1732637770, 'user_request', '1', NULL),
	(2330, 1732637772, 'user_request', '1', NULL),
	(2331, 1732637772, 'cache_hit', 'spatie.permission.cache', NULL),
	(2332, 1732637775, 'user_request', '1', NULL),
	(2333, 1732637776, 'user_request', '1', NULL),
	(2334, 1732637776, 'cache_hit', 'spatie.permission.cache', NULL),
	(2335, 1732637806, 'user_request', '1', NULL),
	(2336, 1732637807, 'cache_hit', 'spatie.permission.cache', NULL),
	(2337, 1732637810, 'user_request', '1', NULL),
	(2338, 1732637810, 'cache_hit', 'spatie.permission.cache', NULL),
	(2339, 1732637812, 'user_request', '1', NULL),
	(2340, 1732637814, 'user_request', '1', NULL),
	(2341, 1732637814, 'cache_hit', 'spatie.permission.cache', NULL),
	(2342, 1732637988, 'user_request', '1', NULL),
	(2343, 1732637988, 'user_request', '1', NULL),
	(2344, 1732637988, 'cache_hit', 'spatie.permission.cache', NULL),
	(2345, 1732637994, 'user_request', '1', NULL),
	(2346, 1732638020, 'user_request', '1', NULL),
	(2347, 1732638021, 'cache_hit', 'spatie.permission.cache', NULL),
	(2348, 1732638023, 'user_request', '1', NULL),
	(2349, 1732638023, 'cache_hit', 'spatie.permission.cache', NULL),
	(2350, 1732638189, 'user_request', '1', NULL),
	(2351, 1732638189, 'cache_hit', 'spatie.permission.cache', NULL),
	(2352, 1732638192, 'user_request', '1', NULL),
	(2353, 1732638193, 'user_request', '1', NULL),
	(2354, 1732638193, 'cache_hit', 'spatie.permission.cache', NULL),
	(2355, 1732638198, 'user_request', '1', NULL),
	(2356, 1732638278, 'user_request', '1', NULL),
	(2357, 1732638278, 'cache_hit', 'spatie.permission.cache', NULL),
	(2358, 1732638281, 'user_request', '1', NULL),
	(2359, 1732638508, 'user_request', '1', NULL),
	(2360, 1732638509, 'cache_hit', 'spatie.permission.cache', NULL),
	(2361, 1732638514, 'user_request', '1', NULL),
	(2362, 1732638515, 'cache_hit', 'spatie.permission.cache', NULL),
	(2363, 1732638517, 'user_request', '1', NULL),
	(2364, 1732638517, 'exception', '["ErrorException","resources\\\\views\\\\despacho\\\\pdf\\\\cn.blade.php:137"]', 1732638517),
	(2365, 1732638620, 'user_request', '1', NULL),
	(2366, 1732638620, 'exception', '["ErrorException","resources\\\\views\\\\despacho\\\\pdf\\\\cn.blade.php:137"]', 1732638620),
	(2367, 1732638624, 'user_request', '1', NULL),
	(2368, 1732638624, 'cache_hit', 'spatie.permission.cache', NULL),
	(2369, 1732638632, 'user_request', '1', NULL),
	(2370, 1732638632, 'cache_hit', 'spatie.permission.cache', NULL),
	(2371, 1732638635, 'user_request', '1', NULL),
	(2372, 1732638635, 'exception', '["ErrorException","resources\\\\views\\\\despacho\\\\pdf\\\\cn.blade.php:137"]', 1732638635),
	(2373, 1732638772, 'user_request', '1', NULL),
	(2374, 1732638772, 'cache_hit', 'spatie.permission.cache', NULL),
	(2375, 1732638779, 'user_request', '1', NULL),
	(2376, 1732638780, 'cache_hit', 'spatie.permission.cache', NULL),
	(2377, 1732638791, 'user_request', '1', NULL),
	(2378, 1732638791, 'exception', '["ErrorException","resources\\\\views\\\\despacho\\\\pdf\\\\cn.blade.php:137"]', 1732638791),
	(2379, 1732639147, 'user_request', '1', NULL),
	(2380, 1732639148, 'exception', '["ErrorException","resources\\\\views\\\\despacho\\\\pdf\\\\cn.blade.php:136"]', 1732639148),
	(2381, 1732639150, 'user_request', '1', NULL),
	(2382, 1732639150, 'cache_hit', 'spatie.permission.cache', NULL),
	(2383, 1732639160, 'user_request', '1', NULL),
	(2384, 1732639160, 'cache_hit', 'spatie.permission.cache', NULL),
	(2385, 1732639163, 'slow_request', '["POST","\\/iniciarems","via \\/livewire\\/update"]', 1128),
	(2386, 1732639163, 'slow_user_request', '1', NULL),
	(2387, 1732639163, 'user_request', '1', NULL),
	(2388, 1732639163, 'exception', '["ErrorException","resources\\\\views\\\\despacho\\\\pdf\\\\cn.blade.php:136"]', 1732639163),
	(2389, 1732639376, 'user_request', '1', NULL),
	(2390, 1732639377, 'cache_hit', 'spatie.permission.cache', NULL),
	(2391, 1732639380, 'user_request', '1', NULL),
	(2392, 1732639380, 'cache_hit', 'spatie.permission.cache', NULL),
	(2393, 1732639385, 'user_request', '1', NULL),
	(2394, 1732639386, 'cache_hit', 'spatie.permission.cache', NULL),
	(2395, 1732639390, 'user_request', '1', NULL),
	(2396, 1732639390, 'cache_hit', 'spatie.permission.cache', NULL),
	(2397, 1732639392, 'user_request', '1', NULL),
	(2398, 1732639570, 'user_request', '1', NULL),
	(2399, 1732639570, 'cache_hit', 'spatie.permission.cache', NULL),
	(2400, 1732639575, 'user_request', '1', NULL),
	(2401, 1732639575, 'cache_hit', 'spatie.permission.cache', NULL),
	(2402, 1732639578, 'user_request', '1', NULL),
	(2403, 1732639741, 'user_request', '1', NULL),
	(2404, 1732639742, 'cache_hit', 'spatie.permission.cache', NULL),
	(2405, 1732639747, 'user_request', '1', NULL),
	(2406, 1732639747, 'cache_hit', 'spatie.permission.cache', NULL),
	(2407, 1732639749, 'user_request', '1', NULL),
	(2408, 1732646063, 'user_request', '1', NULL),
	(2409, 1732646063, 'cache_hit', 'spatie.permission.cache', NULL),
	(2410, 1732646067, 'user_request', '1', NULL),
	(2411, 1732646999, 'user_request', '1', NULL),
	(2412, 1732646999, 'cache_hit', 'spatie.permission.cache', NULL),
	(2413, 1732647011, 'user_request', '1', NULL),
	(2414, 1732647012, 'cache_hit', 'spatie.permission.cache', NULL),
	(2415, 1732647014, 'user_request', '1', NULL),
	(2416, 1732648960, 'user_request', '1', NULL),
	(2417, 1732648960, 'cache_hit', 'spatie.permission.cache', NULL),
	(2418, 1732648996, 'user_request', '1', NULL),
	(2419, 1732648996, 'cache_hit', 'spatie.permission.cache', NULL),
	(2420, 1732650801, 'user_request', '1', NULL),
	(2421, 1732650801, 'cache_hit', 'spatie.permission.cache', NULL),
	(2422, 1732650804, 'user_request', '1', NULL),
	(2423, 1732650804, 'cache_hit', 'spatie.permission.cache', NULL),
	(2424, 1732650810, 'user_request', '1', NULL),
	(2425, 1732650810, 'user_request', '1', NULL),
	(2426, 1732650810, 'cache_hit', 'spatie.permission.cache', NULL),
	(2427, 1732729916, 'slow_request', '["POST","\\/login","App\\\\Http\\\\Controllers\\\\Auth\\\\AuthenticatedSessionController@store"]', 1349),
	(2428, 1732729916, 'slow_user_request', '1', NULL),
	(2429, 1732729916, 'user_request', '1', NULL),
	(2430, 1732729918, 'slow_request', '["GET","\\/sacas\\/crear\\/{id}","App\\\\Http\\\\Controllers\\\\SacaController@crear"]', 1236),
	(2431, 1732729918, 'slow_user_request', '1', NULL),
	(2432, 1732729918, 'user_request', '1', NULL),
	(2433, 1732729919, 'cache_miss', 'spatie.permission.cache', NULL),
	(2434, 1732730081, 'user_request', '1', NULL),
	(2435, 1732730081, 'cache_hit', 'spatie.permission.cache', NULL),
	(2436, 1732730231, 'user_request', '1', NULL),
	(2437, 1732730231, 'cache_hit', 'spatie.permission.cache', NULL),
	(2438, 1732730564, 'user_request', '1', NULL),
	(2439, 1732730564, 'cache_hit', 'spatie.permission.cache', NULL),
	(2440, 1732730586, 'user_request', '1', NULL),
	(2441, 1732730586, 'cache_hit', 'spatie.permission.cache', NULL),
	(2442, 1732732146, 'user_request', '1', NULL),
	(2443, 1732732146, 'cache_hit', 'spatie.permission.cache', NULL),
	(2444, 1732732298, 'user_request', '1', NULL),
	(2445, 1732732299, 'cache_hit', 'spatie.permission.cache', NULL),
	(2446, 1732732309, 'user_request', '1', NULL),
	(2447, 1732732310, 'user_request', '1', NULL),
	(2448, 1732732310, 'cache_hit', 'spatie.permission.cache', NULL),
	(2449, 1732735309, 'user_request', '1', NULL),
	(2450, 1732735310, 'cache_hit', 'spatie.permission.cache', NULL),
	(2451, 1732737564, 'user_request', '1', NULL),
	(2452, 1732737564, 'cache_hit', 'spatie.permission.cache', NULL),
	(2453, 1732737580, 'user_request', '1', NULL),
	(2454, 1732737580, 'cache_hit', 'spatie.permission.cache', NULL),
	(2455, 1732737600, 'user_request', '1', NULL),
	(2456, 1732737600, 'cache_hit', 'spatie.permission.cache', NULL),
	(2457, 1732742499, 'user_request', '1', NULL),
	(2458, 1732742500, 'cache_hit', 'spatie.permission.cache', NULL),
	(2459, 1732742517, 'user_request', '1', NULL),
	(2460, 1732742517, 'cache_hit', 'spatie.permission.cache', NULL),
	(2461, 1732742575, 'user_request', '1', NULL),
	(2462, 1732742576, 'user_request', '1', NULL),
	(2463, 1732742576, 'cache_hit', 'spatie.permission.cache', NULL),
	(2464, 1732742598, 'user_request', '1', NULL),
	(2465, 1732742598, 'cache_hit', 'spatie.permission.cache', NULL),
	(2466, 1732742978, 'user_request', '1', NULL),
	(2467, 1732742978, 'cache_hit', 'spatie.permission.cache', NULL),
	(2468, 1732743004, 'user_request', '1', NULL),
	(2469, 1732743004, 'cache_hit', 'spatie.permission.cache', NULL),
	(2470, 1732743021, 'user_request', '1', NULL),
	(2471, 1732743021, 'cache_hit', 'spatie.permission.cache', NULL),
	(2472, 1732743039, 'user_request', '1', NULL),
	(2473, 1732743039, 'cache_hit', 'spatie.permission.cache', NULL),
	(2474, 1732743061, 'user_request', '1', NULL),
	(2475, 1732743061, 'cache_hit', 'spatie.permission.cache', NULL),
	(2476, 1732743070, 'user_request', '1', NULL),
	(2477, 1732743070, 'cache_hit', 'spatie.permission.cache', NULL),
	(2478, 1732743078, 'user_request', '1', NULL),
	(2479, 1732743078, 'cache_hit', 'spatie.permission.cache', NULL),
	(2480, 1732743134, 'user_request', '1', NULL),
	(2481, 1732743134, 'cache_hit', 'spatie.permission.cache', NULL),
	(2482, 1732743144, 'user_request', '1', NULL),
	(2483, 1732743144, 'cache_hit', 'spatie.permission.cache', NULL),
	(2484, 1732743152, 'user_request', '1', NULL),
	(2485, 1732743152, 'cache_hit', 'spatie.permission.cache', NULL),
	(2486, 1732743174, 'user_request', '1', NULL),
	(2487, 1732743174, 'cache_hit', 'spatie.permission.cache', NULL),
	(2488, 1732743203, 'user_request', '1', NULL),
	(2489, 1732743203, 'cache_hit', 'spatie.permission.cache', NULL),
	(2490, 1732743285, 'user_request', '1', NULL),
	(2491, 1732743285, 'cache_hit', 'spatie.permission.cache', NULL),
	(2492, 1732743318, 'user_request', '1', NULL),
	(2493, 1732743318, 'cache_hit', 'spatie.permission.cache', NULL),
	(2494, 1732743360, 'user_request', '1', NULL),
	(2495, 1732743361, 'cache_hit', 'spatie.permission.cache', NULL),
	(2496, 1732743401, 'user_request', '1', NULL),
	(2497, 1732743402, 'cache_hit', 'spatie.permission.cache', NULL),
	(2498, 1732743431, 'user_request', '1', NULL),
	(2499, 1732743431, 'cache_hit', 'spatie.permission.cache', NULL),
	(2500, 1732743473, 'user_request', '1', NULL),
	(2501, 1732743473, 'cache_hit', 'spatie.permission.cache', NULL),
	(2502, 1732743541, 'user_request', '1', NULL),
	(2503, 1732743542, 'cache_hit', 'spatie.permission.cache', NULL),
	(2504, 1732743551, 'user_request', '1', NULL),
	(2505, 1732743551, 'user_request', '1', NULL),
	(2506, 1732743551, 'cache_hit', 'spatie.permission.cache', NULL),
	(2507, 1732743619, 'user_request', '1', NULL),
	(2508, 1732743619, 'cache_hit', 'spatie.permission.cache', NULL),
	(2509, 1732743625, 'user_request', '1', NULL),
	(2510, 1732743625, 'user_request', '1', NULL),
	(2511, 1732743625, 'cache_hit', 'spatie.permission.cache', NULL),
	(2512, 1732743635, 'user_request', '1', NULL),
	(2513, 1732743635, 'cache_hit', 'spatie.permission.cache', NULL),
	(2514, 1732743666, 'user_request', '1', NULL),
	(2515, 1732743666, 'cache_hit', 'spatie.permission.cache', NULL),
	(2516, 1732743672, 'user_request', '1', NULL),
	(2517, 1732743672, 'user_request', '1', NULL),
	(2518, 1732743673, 'cache_hit', 'spatie.permission.cache', NULL),
	(2519, 1732743772, 'user_request', '1', NULL),
	(2520, 1732743773, 'user_request', '1', NULL),
	(2521, 1732743773, 'cache_hit', 'spatie.permission.cache', NULL),
	(2522, 1732743776, 'user_request', '1', NULL),
	(2523, 1732743776, 'user_request', '1', NULL),
	(2524, 1732743777, 'cache_hit', 'spatie.permission.cache', NULL),
	(2525, 1732743786, 'user_request', '1', NULL),
	(2526, 1732743788, 'user_request', '1', NULL),
	(2527, 1732743788, 'cache_hit', 'spatie.permission.cache', NULL),
	(2528, 1732743792, 'user_request', '1', NULL),
	(2529, 1732743793, 'user_request', '1', NULL),
	(2530, 1732743793, 'cache_hit', 'spatie.permission.cache', NULL),
	(2531, 1732800068, 'user_request', '1', NULL),
	(2532, 1732800068, 'user_request', '1', NULL),
	(2533, 1732800069, 'cache_hit', 'spatie.permission.cache', NULL),
	(2534, 1732800071, 'slow_request', '["POST","\\/iniciarems","via \\/livewire\\/update"]', 3254),
	(2535, 1732800071, 'slow_user_request', '1', NULL),
	(2536, 1732800071, 'user_request', '1', NULL),
	(2537, 1732800072, 'exception', '["ErrorException","resources\\\\views\\\\despacho\\\\pdf\\\\cn.blade.php:378"]', 1732800072),
	(2538, 1732800174, 'user_request', '1', NULL),
	(2539, 1732800174, 'exception', '["ErrorException","resources\\\\views\\\\despacho\\\\pdf\\\\cn.blade.php:378"]', 1732800174),
	(2540, 1732800275, 'user_request', '1', NULL),
	(2541, 1732800275, 'cache_hit', 'spatie.permission.cache', NULL),
	(2542, 1732800298, 'user_request', '1', NULL),
	(2543, 1732800299, 'cache_hit', 'spatie.permission.cache', NULL),
	(2544, 1732800302, 'user_request', '1', NULL),
	(2545, 1732800302, 'exception', '["ErrorException","resources\\\\views\\\\despacho\\\\pdf\\\\cn.blade.php:378"]', 1732800302),
	(2546, 1732800518, 'user_request', '1', NULL),
	(2547, 1732800519, 'cache_hit', 'spatie.permission.cache', NULL),
	(2548, 1732800525, 'user_request', '1', NULL),
	(2549, 1732800525, 'cache_hit', 'spatie.permission.cache', NULL),
	(2550, 1732800528, 'user_request', '1', NULL),
	(2551, 1732800529, 'exception', '["ErrorException","resources\\\\views\\\\despacho\\\\pdf\\\\cn.blade.php:378"]', 1732800529),
	(2552, 1732800572, 'user_request', '1', NULL),
	(2553, 1732800572, 'cache_hit', 'spatie.permission.cache', NULL),
	(2554, 1732800579, 'user_request', '1', NULL),
	(2555, 1732800579, 'cache_hit', 'spatie.permission.cache', NULL),
	(2556, 1732800582, 'slow_request', '["POST","\\/iniciarems","via \\/livewire\\/update"]', 2510),
	(2557, 1732800582, 'slow_user_request', '1', NULL),
	(2558, 1732800582, 'user_request', '1', NULL),
	(2559, 1732801124, 'user_request', '1', NULL),
	(2560, 1732801124, 'cache_hit', 'spatie.permission.cache', NULL),
	(2561, 1732801129, 'user_request', '1', NULL),
	(2562, 1732801190, 'user_request', '1', NULL),
	(2563, 1732801191, 'cache_hit', 'spatie.permission.cache', NULL),
	(2564, 1732801193, 'user_request', '1', NULL),
	(2565, 1732801265, 'user_request', '1', NULL),
	(2566, 1732801266, 'cache_hit', 'spatie.permission.cache', NULL),
	(2567, 1732801270, 'user_request', '1', NULL),
	(2568, 1732801330, 'user_request', '1', NULL),
	(2569, 1732801331, 'cache_hit', 'spatie.permission.cache', NULL),
	(2570, 1732801333, 'user_request', '1', NULL),
	(2571, 1732802052, 'user_request', '1', NULL),
	(2572, 1732802052, 'cache_hit', 'spatie.permission.cache', NULL),
	(2573, 1732802055, 'user_request', '1', NULL),
	(2574, 1732802055, 'exception', '["ErrorException","resources\\\\views\\\\despacho\\\\pdf\\\\cn.blade.php:247"]', 1732802055),
	(2575, 1732802256, 'user_request', '1', NULL),
	(2576, 1732802257, 'exception', '["ErrorException","resources\\\\views\\\\despacho\\\\pdf\\\\cn.blade.php:247"]', 1732802257),
	(2577, 1732802403, 'user_request', '1', NULL),
	(2578, 1732802419, 'user_request', '1', NULL),
	(2579, 1732802419, 'cache_hit', 'spatie.permission.cache', NULL),
	(2580, 1732802423, 'user_request', '1', NULL),
	(2581, 1732802800, 'user_request', '1', NULL),
	(2582, 1732802802, 'user_request', '1', NULL),
	(2583, 1732802803, 'user_request', '1', NULL),
	(2584, 1732802804, 'cache_hit', 'spatie.permission.cache', NULL),
	(2585, 1732802815, 'user_request', '1', NULL),
	(2586, 1732802815, 'user_request', '1', NULL),
	(2587, 1732802816, 'cache_hit', 'spatie.permission.cache', NULL),
	(2588, 1732802829, 'user_request', '1', NULL),
	(2589, 1732802830, 'user_request', '1', NULL),
	(2590, 1732802830, 'cache_hit', 'spatie.permission.cache', NULL),
	(2591, 1732802834, 'user_request', '1', NULL),
	(2592, 1732802835, 'user_request', '1', NULL),
	(2593, 1732802835, 'cache_hit', 'spatie.permission.cache', NULL),
	(2594, 1732802837, 'user_request', '1', NULL),
	(2595, 1732802838, 'slow_request', '["POST","\\/iniciarems","via \\/livewire\\/update"]', 1242),
	(2596, 1732802838, 'slow_user_request', '1', NULL),
	(2597, 1732802838, 'user_request', '1', NULL),
	(2598, 1732803039, 'user_request', '1', NULL),
	(2599, 1732803039, 'cache_hit', 'spatie.permission.cache', NULL),
	(2600, 1732803060, 'user_request', '1', NULL),
	(2601, 1732803060, 'cache_hit', 'spatie.permission.cache', NULL),
	(2602, 1732803153, 'user_request', '1', NULL),
	(2603, 1732803153, 'cache_hit', 'spatie.permission.cache', NULL),
	(2604, 1732803156, 'user_request', '1', NULL),
	(2605, 1732803156, 'cache_hit', 'spatie.permission.cache', NULL),
	(2606, 1732803158, 'user_request', '1', NULL),
	(2607, 1732803172, 'user_request', '1', NULL),
	(2608, 1732803172, 'exception', '["ErrorException","resources\\\\views\\\\despacho\\\\pdf\\\\cn.blade.php:248"]', 1732803172),
	(2609, 1732803569, 'user_request', '1', NULL),
	(2610, 1732803592, 'user_request', '1', NULL),
	(2611, 1732803592, 'cache_hit', 'spatie.permission.cache', NULL),
	(2612, 1732803594, 'user_request', '1', NULL),
	(2613, 1732803595, 'exception', '["ErrorException","resources\\\\views\\\\despacho\\\\pdf\\\\cn.blade.php:253"]', 1732803595),
	(2614, 1732804562, 'user_request', '1', NULL),
	(2615, 1732804562, 'cache_hit', 'spatie.permission.cache', NULL),
	(2616, 1732804567, 'user_request', '1', NULL),
	(2617, 1732804567, 'cache_hit', 'spatie.permission.cache', NULL),
	(2618, 1732804568, 'user_request', '1', NULL),
	(2619, 1732804569, 'cache_hit', 'spatie.permission.cache', NULL),
	(2620, 1732804569, 'user_request', '1', NULL),
	(2621, 1732804570, 'cache_hit', 'spatie.permission.cache', NULL),
	(2622, 1732804649, 'user_request', '1', NULL),
	(2623, 1732804649, 'cache_hit', 'spatie.permission.cache', NULL),
	(2624, 1732804650, 'user_request', '1', NULL),
	(2625, 1732804650, 'cache_hit', 'spatie.permission.cache', NULL),
	(2626, 1732804661, 'user_request', '1', NULL),
	(2627, 1732804661, 'cache_hit', 'spatie.permission.cache', NULL),
	(2628, 1732804665, 'user_request', '1', NULL),
	(2629, 1732804665, 'cache_hit', 'spatie.permission.cache', NULL),
	(2630, 1732804668, 'user_request', '1', NULL),
	(2631, 1732804676, 'user_request', '1', NULL),
	(2632, 1732804676, 'exception', '["ErrorException","resources\\\\views\\\\despacho\\\\pdf\\\\cn.blade.php:248"]', 1732804676),
	(2633, 1732804691, 'user_request', '1', NULL),
	(2634, 1732804691, 'cache_hit', 'spatie.permission.cache', NULL),
	(2635, 1732804693, 'user_request', '1', NULL),
	(2636, 1732804693, 'cache_hit', 'spatie.permission.cache', NULL),
	(2637, 1732804727, 'user_request', '1', NULL),
	(2638, 1732804727, 'exception', '["ErrorException","resources\\\\views\\\\despacho\\\\pdf\\\\cn.blade.php:248"]', 1732804727),
	(2639, 1732804814, 'user_request', '1', NULL),
	(2640, 1732804815, 'exception', '["ErrorException","resources\\\\views\\\\despacho\\\\pdf\\\\cn.blade.php:248"]', 1732804815),
	(2641, 1732804916, 'user_request', '1', NULL),
	(2642, 1732804916, 'cache_miss', 'spatie.permission.cache', NULL),
	(2643, 1732804919, 'user_request', '1', NULL),
	(2644, 1732804919, 'exception', '["ErrorException","resources\\\\views\\\\despacho\\\\pdf\\\\cn.blade.php:248"]', 1732804919),
	(2645, 1732804937, 'user_request', '1', NULL),
	(2646, 1732804937, 'exception', '["ErrorException","resources\\\\views\\\\despacho\\\\pdf\\\\cn.blade.php:248"]', 1732804937),
	(2647, 1732804957, 'user_request', '1', NULL),
	(2648, 1732804957, 'cache_hit', 'spatie.permission.cache', NULL),
	(2649, 1732804959, 'user_request', '1', NULL),
	(2650, 1732804960, 'exception', '["ErrorException","resources\\\\views\\\\despacho\\\\pdf\\\\cn.blade.php:248"]', 1732804960),
	(2651, 1732805622, 'user_request', '1', NULL),
	(2652, 1732805622, 'cache_hit', 'spatie.permission.cache', NULL),
	(2653, 1732805625, 'user_request', '1', NULL),
	(2654, 1732805625, 'exception', '["ErrorException","resources\\\\views\\\\despacho\\\\pdf\\\\cn.blade.php:248"]', 1732805625),
	(2655, 1732805798, 'user_request', '1', NULL),
	(2656, 1732805798, 'cache_hit', 'spatie.permission.cache', NULL),
	(2657, 1732805805, 'user_request', '1', NULL),
	(2658, 1732805815, 'user_request', '1', NULL),
	(2659, 1732805815, 'cache_hit', 'spatie.permission.cache', NULL),
	(2660, 1732805817, 'user_request', '1', NULL),
	(2661, 1732805818, 'exception', '["ErrorException","resources\\\\views\\\\despacho\\\\pdf\\\\cn.blade.php:248"]', 1732805818),
	(2662, 1732806223, 'user_request', '1', NULL),
	(2663, 1732806224, 'cache_hit', 'spatie.permission.cache', NULL),
	(2664, 1732806235, 'user_request', '1', NULL),
	(2665, 1732806236, 'exception', '["ErrorException","resources\\\\views\\\\despacho\\\\pdf\\\\cn.blade.php:248"]', 1732806236),
	(2666, 1732806251, 'user_request', '1', NULL),
	(2667, 1732806251, 'cache_hit', 'spatie.permission.cache', NULL),
	(2668, 1732806258, 'user_request', '1', NULL),
	(2669, 1732806258, 'exception', '["ErrorException","resources\\\\views\\\\despacho\\\\pdf\\\\cn.blade.php:248"]', 1732806258),
	(2670, 1732806859, 'user_request', '1', NULL),
	(2671, 1732806864, 'user_request', '1', NULL),
	(2672, 1732806864, 'exception', '["ErrorException","resources\\\\views\\\\despacho\\\\pdf\\\\cn.blade.php:248"]', 1732806864),
	(2673, 1732806901, 'user_request', '1', NULL),
	(2674, 1732806901, 'cache_hit', 'spatie.permission.cache', NULL),
	(2675, 1732806905, 'user_request', '1', NULL),
	(2676, 1732806906, 'exception', '["ErrorException","resources\\\\views\\\\despacho\\\\pdf\\\\cn.blade.php:248"]', 1732806906),
	(2677, 1732807070, 'user_request', '1', NULL),
	(2678, 1732807070, 'cache_hit', 'spatie.permission.cache', NULL),
	(2679, 1732807076, 'user_request', '1', NULL),
	(2680, 1732807076, 'exception', '["ErrorException","resources\\\\views\\\\despacho\\\\pdf\\\\cn.blade.php:248"]', 1732807076),
	(2681, 1732807146, 'user_request', '1', NULL),
	(2682, 1732807146, 'cache_hit', 'spatie.permission.cache', NULL),
	(2683, 1732807779, 'user_request', '1', NULL),
	(2684, 1732807779, 'cache_hit', 'spatie.permission.cache', NULL),
	(2685, 1732807791, 'user_request', '1', NULL),
	(2686, 1732807794, 'user_request', '1', NULL),
	(2687, 1732807794, 'cache_hit', 'spatie.permission.cache', NULL),
	(2688, 1732808258, 'user_request', '1', NULL),
	(2689, 1732808258, 'cache_hit', 'spatie.permission.cache', NULL),
	(2690, 1732808261, 'user_request', '1', NULL),
	(2691, 1732808262, 'exception', '["ErrorException","resources\\\\views\\\\despacho\\\\pdf\\\\cn.blade.php:248"]', 1732808262),
	(2692, 1732808386, 'user_request', '1', NULL),
	(2693, 1732808388, 'user_request', '1', NULL),
	(2694, 1732808388, 'cache_hit', 'spatie.permission.cache', NULL),
	(2695, 1732808396, 'user_request', '1', NULL),
	(2696, 1732808396, 'user_request', '1', NULL),
	(2697, 1732808396, 'cache_hit', 'spatie.permission.cache', NULL),
	(2698, 1732808399, 'user_request', '1', NULL),
	(2699, 1732808399, 'exception', '["ErrorException","resources\\\\views\\\\despacho\\\\pdf\\\\cn.blade.php:248"]', 1732808399),
	(2700, 1732808766, 'user_request', '1', NULL),
	(2701, 1732808766, 'exception', '["ErrorException","resources\\\\views\\\\despacho\\\\pdf\\\\cn.blade.php:248"]', 1732808766),
	(2702, 1732808786, 'user_request', '1', NULL),
	(2703, 1732808786, 'cache_hit', 'spatie.permission.cache', NULL),
	(2704, 1732808789, 'user_request', '1', NULL),
	(2705, 1732808789, 'exception', '["ErrorException","resources\\\\views\\\\despacho\\\\pdf\\\\cn.blade.php:248"]', 1732808789),
	(2706, 1732808910, 'user_request', '1', NULL),
	(2707, 1732808910, 'exception', '["ErrorException","resources\\\\views\\\\despacho\\\\pdf\\\\cn.blade.php:253"]', 1732808910),
	(2708, 1732809086, 'user_request', '1', NULL),
	(2709, 1732809086, 'cache_hit', 'spatie.permission.cache', NULL),
	(2710, 1732809090, 'user_request', '1', NULL),
	(2711, 1732809152, 'user_request', '1', NULL),
	(2712, 1732809152, 'cache_hit', 'spatie.permission.cache', NULL),
	(2713, 1732809154, 'user_request', '1', NULL),
	(2714, 1732816037, 'user_request', '1', NULL),
	(2715, 1732816037, 'user_request', '1', NULL),
	(2716, 1732816037, 'cache_hit', 'spatie.permission.cache', NULL),
	(2717, 1732816041, 'user_request', '1', NULL),
	(2718, 1732816041, 'cache_hit', 'spatie.permission.cache', NULL),
	(2719, 1732816055, 'user_request', '1', NULL),
	(2720, 1732816055, 'cache_hit', 'spatie.permission.cache', NULL),
	(2721, 1732816059, 'user_request', '1', NULL),
	(2722, 1732816059, 'cache_hit', 'spatie.permission.cache', NULL),
	(2723, 1736434525, 'slow_request', '["GET","\\/iniciarems","App\\\\Http\\\\Controllers\\\\DespachoController@getIniciarems"]', 1142),
	(2724, 1736460043, 'user_request', '1', NULL),
	(2725, 1736460045, 'user_request', '1', NULL),
	(2726, 1736460045, 'cache_miss', 'spatie.permission.cache', NULL),
	(2727, 1736460060, 'user_request', '1', NULL),
	(2728, 1736460060, 'cache_hit', 'spatie.permission.cache', NULL),
	(2729, 1736460071, 'user_request', '1', NULL),
	(2730, 1736460075, 'user_request', '1', NULL),
	(2731, 1736460076, 'user_request', '1', NULL),
	(2732, 1736460076, 'user_request', '1', NULL),
	(2733, 1736460076, 'user_request', '1', NULL),
	(2734, 1736460080, 'user_request', '1', NULL),
	(2735, 1736460083, 'user_request', '1', NULL),
	(2736, 1736460085, 'user_request', '1', NULL),
	(2737, 1736460085, 'cache_hit', 'spatie.permission.cache', NULL),
	(2738, 1736460095, 'user_request', '1', NULL),
	(2739, 1736460095, 'user_request', '1', NULL),
	(2740, 1736460095, 'cache_hit', 'spatie.permission.cache', NULL),
	(2741, 1737043706, 'user_request', '1', NULL),
	(2742, 1737043707, 'user_request', '1', NULL),
	(2743, 1737043707, 'cache_miss', 'spatie.permission.cache', NULL),
	(2744, 1737043711, 'user_request', '1', NULL),
	(2745, 1737043711, 'cache_hit', 'spatie.permission.cache', NULL);

-- Volcando estructura para tabla blackbag.pulse_values
CREATE TABLE IF NOT EXISTS `pulse_values` (
  `id` bigint(20) unsigned NOT NULL AUTO_INCREMENT,
  `timestamp` int(10) unsigned NOT NULL,
  `type` varchar(255) NOT NULL,
  `key` mediumtext NOT NULL,
  `key_hash` binary(16) GENERATED ALWAYS AS (unhex(md5(`key`))) VIRTUAL,
  `value` mediumtext NOT NULL,
  PRIMARY KEY (`id`),
  UNIQUE KEY `pulse_values_type_key_hash_unique` (`type`,`key_hash`),
  KEY `pulse_values_timestamp_index` (`timestamp`),
  KEY `pulse_values_type_index` (`type`)
) ENGINE=InnoDB DEFAULT CHARSET=utf8mb4 COLLATE=utf8mb4_unicode_ci;

-- Volcando datos para la tabla blackbag.pulse_values: ~0 rows (aproximadamente)

-- Volcando estructura para tabla blackbag.roles
CREATE TABLE IF NOT EXISTS `roles` (
  `id` bigint(20) unsigned NOT NULL AUTO_INCREMENT,
  `name` varchar(255) NOT NULL,
  `guard_name` varchar(255) NOT NULL,
  `created_at` timestamp NULL DEFAULT NULL,
  `updated_at` timestamp NULL DEFAULT NULL,
  PRIMARY KEY (`id`),
  UNIQUE KEY `roles_name_guard_name_unique` (`name`,`guard_name`)
) ENGINE=InnoDB AUTO_INCREMENT=9 DEFAULT CHARSET=utf8mb4 COLLATE=utf8mb4_unicode_ci;

-- Volcando datos para la tabla blackbag.roles: ~7 rows (aproximadamente)
INSERT INTO `roles` (`id`, `name`, `guard_name`, `created_at`, `updated_at`) VALUES
	(2, 'Administrador', 'web', '2024-11-22 18:16:35', '2024-11-22 18:16:35'),
	(3, 'LCD', 'web', '2024-11-22 18:16:43', '2024-11-22 18:16:43'),
	(4, 'LCE', 'web', '2024-11-22 18:16:54', '2024-11-22 18:16:54'),
	(5, 'LCF', 'web', '2024-11-22 18:17:01', '2024-11-22 18:17:01'),
	(6, 'EMSD', 'web', '2024-11-25 19:28:38', '2024-11-25 19:28:38'),
	(7, 'EMSE', 'web', '2024-11-25 19:28:46', '2024-11-25 19:28:46'),
	(8, 'EMSF', 'web', '2024-11-25 19:28:53', '2024-11-25 19:28:53');

-- Volcando estructura para tabla blackbag.role_has_permissions
CREATE TABLE IF NOT EXISTS `role_has_permissions` (
  `permission_id` bigint(20) unsigned NOT NULL,
  `role_id` bigint(20) unsigned NOT NULL,
  PRIMARY KEY (`permission_id`,`role_id`),
  KEY `role_has_permissions_role_id_foreign` (`role_id`),
  CONSTRAINT `role_has_permissions_permission_id_foreign` FOREIGN KEY (`permission_id`) REFERENCES `permissions` (`id`) ON DELETE CASCADE,
  CONSTRAINT `role_has_permissions_role_id_foreign` FOREIGN KEY (`role_id`) REFERENCES `roles` (`id`) ON DELETE CASCADE
) ENGINE=InnoDB DEFAULT CHARSET=utf8mb4 COLLATE=utf8mb4_unicode_ci;

-- Volcando datos para la tabla blackbag.role_has_permissions: ~13 rows (aproximadamente)
INSERT INTO `role_has_permissions` (`permission_id`, `role_id`) VALUES
	(1, 2),
	(1, 3),
	(2, 2),
	(2, 4),
	(3, 2),
	(3, 5),
	(4, 2),
	(5, 2),
	(5, 6),
	(6, 2),
	(6, 7),
	(7, 2),
	(7, 8);

-- Volcando estructura para tabla blackbag.saca
CREATE TABLE IF NOT EXISTS `saca` (
  `id` bigint(20) unsigned NOT NULL AUTO_INCREMENT,
  `nrosaca` int(11) DEFAULT NULL,
  `identificador` varchar(50) DEFAULT NULL,
  `tipo` varchar(50) DEFAULT NULL,
  `estado` varchar(50) DEFAULT NULL,
  `etiqueta` varchar(50) DEFAULT NULL,
  `receptaculo` varchar(50) DEFAULT NULL,
  `peso` float(8,3) DEFAULT NULL,
  `nropaquetes` int(11) DEFAULT NULL,
  `created_at` timestamp NULL DEFAULT NULL,
  `updated_at` timestamp NULL DEFAULT NULL,
  `despacho_id` varchar(50) DEFAULT NULL,
  PRIMARY KEY (`id`)
) ENGINE=InnoDB AUTO_INCREMENT=2 DEFAULT CHARSET=utf8mb4 COLLATE=utf8mb4_general_ci;

-- Volcando datos para la tabla blackbag.saca: ~1 rows (aproximadamente)
INSERT INTO `saca` (`id`, `nrosaca`, `identificador`, `tipo`, `estado`, `etiqueta`, `receptaculo`, `peso`, `nropaquetes`, `created_at`, `updated_at`, `despacho_id`) VALUES
	(1, 1, 'BOCBBBOPOIBEG5001001', 'BG', 'APERTURA', 'RO', 'BOCBBBOPOIBEG50010010020', 2.000, NULL, '2025-01-10 02:01:35', '2025-01-10 02:01:35', '1');

-- Volcando estructura para tabla blackbag.users
CREATE TABLE IF NOT EXISTS `users` (
  `id` bigint(20) unsigned NOT NULL AUTO_INCREMENT,
  `name` varchar(255) NOT NULL,
  `email` varchar(255) NOT NULL,
  `email_verified_at` timestamp NULL DEFAULT NULL,
  `password` varchar(255) NOT NULL,
  `remember_token` varchar(100) DEFAULT NULL,
  `city` varchar(50) DEFAULT NULL,
  `ci` int(11) DEFAULT NULL,
  `created_at` timestamp NULL DEFAULT NULL,
  `updated_at` timestamp NULL DEFAULT NULL,
  `deleted_at` timestamp NULL DEFAULT NULL,
  PRIMARY KEY (`id`),
  UNIQUE KEY `users_email_unique` (`email`)
) ENGINE=InnoDB AUTO_INCREMENT=5 DEFAULT CHARSET=utf8mb4 COLLATE=utf8mb4_unicode_ci;

-- Volcando datos para la tabla blackbag.users: ~3 rows (aproximadamente)
INSERT INTO `users` (`id`, `name`, `email`, `email_verified_at`, `password`, `remember_token`, `city`, `ci`, `created_at`, `updated_at`, `deleted_at`) VALUES
	(1, 'Marco Antonio Espinoza Rojas', 'marco.espinoza@correos.gob.bo', NULL, '$2y$10$VOn55.vOVzJM1CaXAJu9WeI8IpfNSO1B0ngvH30tRxha1JdQVL9KG', 'kgQfg7Q3O3G3T6XjvyVkEN2kfboUAFiTWdny7uhnvJ5eTIoC6amVn06HRvnK', 'COCHABAMBA', 10909669, '2024-10-24 00:43:33', '2024-11-26 19:25:14', NULL),
	(3, 'Omar Quispe Condori', 'omar.quispe@correos.gob.bo', NULL, '$2y$10$lDMqM0A2pxfqRtp9dpx5N.0Ar2EqICXw7oi38KZrnn3m2K0OHriPC', NULL, 'LA PAZ', 8441338, '2024-11-19 23:19:20', '2024-11-19 23:19:20', NULL),
	(4, 'Andrea Belen Fernandez Loza', 'belen.fernandez@correos.gob.bo', NULL, '$2y$10$qk/QO71Le46AATm1ortqqemzQF.6htRIUUaiyGdiFNBY23ymO0kwa', 'T6WEBktAls6ukU6CERP5WvFKKLVqQ7Qrjp0xS103mfYSbJTCKE2HuCKr9QtX', 'LA PAZ', 9250377, '2024-11-19 23:20:12', '2024-11-19 23:20:12', NULL);

/*!40103 SET TIME_ZONE=IFNULL(@OLD_TIME_ZONE, 'system') */;
/*!40101 SET SQL_MODE=IFNULL(@OLD_SQL_MODE, '') */;
/*!40014 SET FOREIGN_KEY_CHECKS=IFNULL(@OLD_FOREIGN_KEY_CHECKS, 1) */;
/*!40101 SET CHARACTER_SET_CLIENT=@OLD_CHARACTER_SET_CLIENT */;
/*!40111 SET SQL_NOTES=IFNULL(@OLD_SQL_NOTES, 1) */;
